id_treatment,id_inoc,id_faeces,starting_date,species,material,material_2,mass,production_date,forming_date,collection_date_1,collection_date_2,total-weight,ph,water_content,sample_weight,dilution_factor_ecoli,dilution_factor_enterococcus,e_coli_counted,enterococcus_counted,comments,inoculum_age,mean_growth_speed,time_period,difference,time_step
1,1,1,2025-05-01T00:00:00Z,Control,corn cobs,oatbran 10%,1.5,2025-03-14T00:00:00Z,2025-04-23T00:00:00Z,2025-04-29T00:00:00Z,2025-04-30T00:00:00Z,425,7,80,0.6,10000,10000,123,50,NA,48,0,diff_1,0,1
1,1,1,2025-05-01T00:00:00Z,Control,corn cobs,oatbran 10%,1.5,2025-03-14T00:00:00Z,2025-04-23T00:00:00Z,2025-04-29T00:00:00Z,2025-04-30T00:00:00Z,425,7,80,0.6,10000,10000,123,50,NA,48,0,diff_2,0,2
1,1,1,2025-05-01T00:00:00Z,Control,corn cobs,oatbran 10%,1.5,2025-03-14T00:00:00Z,2025-04-23T00:00:00Z,2025-04-29T00:00:00Z,2025-04-30T00:00:00Z,425,7,80,0.6,10000,10000,123,50,NA,48,0,diff_3,0,3
1,1,1,2025-05-01T00:00:00Z,Control,corn cobs,oatbran 10%,1.5,2025-03-14T00:00:00Z,2025-04-23T00:00:00Z,2025-04-29T00:00:00Z,2025-04-30T00:00:00Z,425,7,80,0.6,10000,10000,123,50,NA,48,0,diff_4,0,4
1,1,1,2025-05-01T00:00:00Z,Control,corn cobs,oatbran 10%,1.5,2025-03-14T00:00:00Z,2025-04-23T00:00:00Z,2025-04-29T00:00:00Z,2025-04-30T00:00:00Z,425,7,80,0.6,10000,10000,123,50,NA,48,0,diff_5,0,5
1,1,1,2025-05-01T00:00:00Z,Control,corn cobs,oatbran 10%,1.5,2025-03-14T00:00:00Z,2025-04-23T00:00:00Z,2025-04-29T00:00:00Z,2025-04-30T00:00:00Z,425,7,80,0.6,10000,10000,123,50,NA,48,0,diff_6,0,6
1,1,1,2025-05-01T00:00:00Z,Control,corn cobs,oatbran 10%,1.5,2025-03-14T00:00:00Z,2025-04-23T00:00:00Z,2025-04-29T00:00:00Z,2025-04-30T00:00:00Z,425,7,80,0.6,10000,10000,123,50,NA,48,0,diff_7,0,7
1,1,1,2025-05-01T00:00:00Z,Control,corn cobs,oatbran 10%,1.5,2025-03-14T00:00:00Z,2025-04-23T00:00:00Z,2025-04-29T00:00:00Z,2025-04-30T00:00:00Z,425,7,80,0.6,10000,10000,123,50,NA,48,0,diff_8,0,8
1,1,1,2025-05-01T00:00:00Z,Control,corn cobs,oatbran 10%,1.5,2025-03-14T00:00:00Z,2025-04-23T00:00:00Z,2025-04-29T00:00:00Z,2025-04-30T00:00:00Z,425,7,80,0.6,10000,10000,123,50,NA,48,0,diff_9,0,9
2,1,1,2025-05-01T00:00:00Z,Control,corn cobs,oatbran 10%,1.5,2025-03-14T00:00:00Z,2025-04-23T00:00:00Z,2025-04-29T00:00:00Z,2025-04-30T00:00:00Z,425,7,80,0.6,10000,10000,123,50,NA,48,0,diff_1,0,1
2,1,1,2025-05-01T00:00:00Z,Control,corn cobs,oatbran 10%,1.5,2025-03-14T00:00:00Z,2025-04-23T00:00:00Z,2025-04-29T00:00:00Z,2025-04-30T00:00:00Z,425,7,80,0.6,10000,10000,123,50,NA,48,0,diff_2,0,2
2,1,1,2025-05-01T00:00:00Z,Control,corn cobs,oatbran 10%,1.5,2025-03-14T00:00:00Z,2025-04-23T00:00:00Z,2025-04-29T00:00:00Z,2025-04-30T00:00:00Z,425,7,80,0.6,10000,10000,123,50,NA,48,0,diff_3,0,3
2,1,1,2025-05-01T00:00:00Z,Control,corn cobs,oatbran 10%,1.5,2025-03-14T00:00:00Z,2025-04-23T00:00:00Z,2025-04-29T00:00:00Z,2025-04-30T00:00:00Z,425,7,80,0.6,10000,10000,123,50,NA,48,0,diff_4,0,4
2,1,1,2025-05-01T00:00:00Z,Control,corn cobs,oatbran 10%,1.5,2025-03-14T00:00:00Z,2025-04-23T00:00:00Z,2025-04-29T00:00:00Z,2025-04-30T00:00:00Z,425,7,80,0.6,10000,10000,123,50,NA,48,0,diff_5,0,5
2,1,1,2025-05-01T00:00:00Z,Control,corn cobs,oatbran 10%,1.5,2025-03-14T00:00:00Z,2025-04-23T00:00:00Z,2025-04-29T00:00:00Z,2025-04-30T00:00:00Z,425,7,80,0.6,10000,10000,123,50,NA,48,0,diff_6,0,6
2,1,1,2025-05-01T00:00:00Z,Control,corn cobs,oatbran 10%,1.5,2025-03-14T00:00:00Z,2025-04-23T00:00:00Z,2025-04-29T00:00:00Z,2025-04-30T00:00:00Z,425,7,80,0.6,10000,10000,123,50,NA,48,0,diff_7,0,7
2,1,1,2025-05-01T00:00:00Z,Control,corn cobs,oatbran 10%,1.5,2025-03-14T00:00:00Z,2025-04-23T00:00:00Z,2025-04-29T00:00:00Z,2025-04-30T00:00:00Z,425,7,80,0.6,10000,10000,123,50,NA,48,0,diff_8,0,8
2,1,1,2025-05-01T00:00:00Z,Control,corn cobs,oatbran 10%,1.5,2025-03-14T00:00:00Z,2025-04-23T00:00:00Z,2025-04-29T00:00:00Z,2025-04-30T00:00:00Z,425,7,80,0.6,10000,10000,123,50,NA,48,0,diff_9,0,9
3,1,1,2025-05-01T00:00:00Z,Control,corn cobs,oatbran 10%,1.5,2025-03-14T00:00:00Z,2025-04-23T00:00:00Z,2025-04-29T00:00:00Z,2025-04-30T00:00:00Z,425,7,80,0.6,10000,10000,123,50,NA,48,0,diff_1,0,1
3,1,1,2025-05-01T00:00:00Z,Control,corn cobs,oatbran 10%,1.5,2025-03-14T00:00:00Z,2025-04-23T00:00:00Z,2025-04-29T00:00:00Z,2025-04-30T00:00:00Z,425,7,80,0.6,10000,10000,123,50,NA,48,0,diff_2,0,2
3,1,1,2025-05-01T00:00:00Z,Control,corn cobs,oatbran 10%,1.5,2025-03-14T00:00:00Z,2025-04-23T00:00:00Z,2025-04-29T00:00:00Z,2025-04-30T00:00:00Z,425,7,80,0.6,10000,10000,123,50,NA,48,0,diff_3,0,3
3,1,1,2025-05-01T00:00:00Z,Control,corn cobs,oatbran 10%,1.5,2025-03-14T00:00:00Z,2025-04-23T00:00:00Z,2025-04-29T00:00:00Z,2025-04-30T00:00:00Z,425,7,80,0.6,10000,10000,123,50,NA,48,0,diff_4,0,4
3,1,1,2025-05-01T00:00:00Z,Control,corn cobs,oatbran 10%,1.5,2025-03-14T00:00:00Z,2025-04-23T00:00:00Z,2025-04-29T00:00:00Z,2025-04-30T00:00:00Z,425,7,80,0.6,10000,10000,123,50,NA,48,0,diff_5,0,5
3,1,1,2025-05-01T00:00:00Z,Control,corn cobs,oatbran 10%,1.5,2025-03-14T00:00:00Z,2025-04-23T00:00:00Z,2025-04-29T00:00:00Z,2025-04-30T00:00:00Z,425,7,80,0.6,10000,10000,123,50,NA,48,0,diff_6,0,6
3,1,1,2025-05-01T00:00:00Z,Control,corn cobs,oatbran 10%,1.5,2025-03-14T00:00:00Z,2025-04-23T00:00:00Z,2025-04-29T00:00:00Z,2025-04-30T00:00:00Z,425,7,80,0.6,10000,10000,123,50,NA,48,0,diff_7,0,7
3,1,1,2025-05-01T00:00:00Z,Control,corn cobs,oatbran 10%,1.5,2025-03-14T00:00:00Z,2025-04-23T00:00:00Z,2025-04-29T00:00:00Z,2025-04-30T00:00:00Z,425,7,80,0.6,10000,10000,123,50,NA,48,0,diff_8,0,8
3,1,1,2025-05-01T00:00:00Z,Control,corn cobs,oatbran 10%,1.5,2025-03-14T00:00:00Z,2025-04-23T00:00:00Z,2025-04-29T00:00:00Z,2025-04-30T00:00:00Z,425,7,80,0.6,10000,10000,123,50,NA,48,0,diff_9,0,9
4,2,1,2025-05-01T00:00:00Z,C.comatus,wood chips,oatbran 10%,1.5,2025-03-13T00:00:00Z,2025-04-23T00:00:00Z,2025-04-29T00:00:00Z,2025-04-30T00:00:00Z,425,7,80,0.6,10000,10000,123,50,NA,49,4.039289360608878,diff_1,0.8864102194572714,1
4,2,1,2025-05-01T00:00:00Z,C.comatus,wood chips,oatbran 10%,1.5,2025-03-13T00:00:00Z,2025-04-23T00:00:00Z,2025-04-29T00:00:00Z,2025-04-30T00:00:00Z,425,7,80,0.6,10000,10000,123,50,NA,49,4.039289360608878,diff_2,1.869605920050936,2
4,2,1,2025-05-01T00:00:00Z,C.comatus,wood chips,oatbran 10%,1.5,2025-03-13T00:00:00Z,2025-04-23T00:00:00Z,2025-04-29T00:00:00Z,2025-04-30T00:00:00Z,425,7,80,0.6,10000,10000,123,50,NA,49,4.039289360608878,diff_3,2.9573634590733153,3
4,2,1,2025-05-01T00:00:00Z,C.comatus,wood chips,oatbran 10%,1.5,2025-03-13T00:00:00Z,2025-04-23T00:00:00Z,2025-04-29T00:00:00Z,2025-04-30T00:00:00Z,425,7,80,0.6,10000,10000,123,50,NA,49,4.039289360608878,diff_4,3.3613810355620313,4
4,2,1,2025-05-01T00:00:00Z,C.comatus,wood chips,oatbran 10%,1.5,2025-03-13T00:00:00Z,2025-04-23T00:00:00Z,2025-04-29T00:00:00Z,2025-04-30T00:00:00Z,425,7,80,0.6,10000,10000,123,50,NA,49,4.039289360608878,diff_5,4.066848964245736,5
4,2,1,2025-05-01T00:00:00Z,C.comatus,wood chips,oatbran 10%,1.5,2025-03-13T00:00:00Z,2025-04-23T00:00:00Z,2025-04-29T00:00:00Z,2025-04-30T00:00:00Z,425,7,80,0.6,10000,10000,123,50,NA,49,4.039289360608878,diff_6,4.750289670051631,6
4,2,1,2025-05-01T00:00:00Z,C.comatus,wood chips,oatbran 10%,1.5,2025-03-13T00:00:00Z,2025-04-23T00:00:00Z,2025-04-29T00:00:00Z,2025-04-30T00:00:00Z,425,7,80,0.6,10000,10000,123,50,NA,49,4.039289360608878,diff_7,5.455779626170266,7
4,2,1,2025-05-01T00:00:00Z,C.comatus,wood chips,oatbran 10%,1.5,2025-03-13T00:00:00Z,2025-04-23T00:00:00Z,2025-04-29T00:00:00Z,2025-04-30T00:00:00Z,425,7,80,0.6,10000,10000,123,50,NA,49,4.039289360608878,diff_8,6.164731235531615,8
4,2,1,2025-05-01T00:00:00Z,C.comatus,wood chips,oatbran 10%,1.5,2025-03-13T00:00:00Z,2025-04-23T00:00:00Z,2025-04-29T00:00:00Z,2025-04-30T00:00:00Z,425,7,80,0.6,10000,10000,123,50,NA,49,4.039289360608878,diff_9,6.841194115337103,9
5,2,1,2025-05-01T00:00:00Z,C.comatus,wood chips,oatbran 10%,1.5,2025-03-13T00:00:00Z,2025-04-23T00:00:00Z,2025-04-29T00:00:00Z,2025-04-30T00:00:00Z,425,7,80,0.6,10000,10000,123,50,NA,49,2.0090572531174877,diff_1,0.6368414374640472,1
5,2,1,2025-05-01T00:00:00Z,C.comatus,wood chips,oatbran 10%,1.5,2025-03-13T00:00:00Z,2025-04-23T00:00:00Z,2025-04-29T00:00:00Z,2025-04-30T00:00:00Z,425,7,80,0.6,10000,10000,123,50,NA,49,2.0090572531174877,diff_2,1.0914784059320533,2
5,2,1,2025-05-01T00:00:00Z,C.comatus,wood chips,oatbran 10%,1.5,2025-03-13T00:00:00Z,2025-04-23T00:00:00Z,2025-04-29T00:00:00Z,2025-04-30T00:00:00Z,425,7,80,0.6,10000,10000,123,50,NA,49,2.0090572531174877,diff_3,1.408005659162547,3
5,2,1,2025-05-01T00:00:00Z,C.comatus,wood chips,oatbran 10%,1.5,2025-03-13T00:00:00Z,2025-04-23T00:00:00Z,2025-04-29T00:00:00Z,2025-04-30T00:00:00Z,425,7,80,0.6,10000,10000,123,50,NA,49,2.0090572531174877,diff_4,1.7146955382710685,4
5,2,1,2025-05-01T00:00:00Z,C.comatus,wood chips,oatbran 10%,1.5,2025-03-13T00:00:00Z,2025-04-23T00:00:00Z,2025-04-29T00:00:00Z,2025-04-30T00:00:00Z,425,7,80,0.6,10000,10000,123,50,NA,49,2.0090572531174877,diff_5,2.025911386344826,5
5,2,1,2025-05-01T00:00:00Z,C.comatus,wood chips,oatbran 10%,1.5,2025-03-13T00:00:00Z,2025-04-23T00:00:00Z,2025-04-29T00:00:00Z,2025-04-30T00:00:00Z,425,7,80,0.6,10000,10000,123,50,NA,49,2.0090572531174877,diff_6,2.3356623106371828,6
5,2,1,2025-05-01T00:00:00Z,C.comatus,wood chips,oatbran 10%,1.5,2025-03-13T00:00:00Z,2025-04-23T00:00:00Z,2025-04-29T00:00:00Z,2025-04-30T00:00:00Z,425,7,80,0.6,10000,10000,123,50,NA,49,2.0090572531174877,diff_7,2.646067602828891,7
5,2,1,2025-05-01T00:00:00Z,C.comatus,wood chips,oatbran 10%,1.5,2025-03-13T00:00:00Z,2025-04-23T00:00:00Z,2025-04-29T00:00:00Z,2025-04-30T00:00:00Z,425,7,80,0.6,10000,10000,123,50,NA,49,2.0090572531174877,diff_8,2.956278316427559,8
5,2,1,2025-05-01T00:00:00Z,C.comatus,wood chips,oatbran 10%,1.5,2025-03-13T00:00:00Z,2025-04-23T00:00:00Z,2025-04-29T00:00:00Z,2025-04-30T00:00:00Z,425,7,80,0.6,10000,10000,123,50,NA,49,2.0090572531174877,diff_9,3.266574620989214,9
6,2,1,2025-05-01T00:00:00Z,C.comatus,wood chips,oatbran 10%,1.5,2025-03-13T00:00:00Z,2025-04-23T00:00:00Z,2025-04-29T00:00:00Z,2025-04-30T00:00:00Z,425,7,80,0.6,10000,10000,123,50,NA,49,1.2548682479061726,diff_1,0.468238331479099,1
6,2,1,2025-05-01T00:00:00Z,C.comatus,wood chips,oatbran 10%,1.5,2025-03-13T00:00:00Z,2025-04-23T00:00:00Z,2025-04-29T00:00:00Z,2025-04-30T00:00:00Z,425,7,80,0.6,10000,10000,123,50,NA,49,1.2548682479061726,diff_2,0.7266871766792742,2
6,2,1,2025-05-01T00:00:00Z,C.comatus,wood chips,oatbran 10%,1.5,2025-03-13T00:00:00Z,2025-04-23T00:00:00Z,2025-04-29T00:00:00Z,2025-04-30T00:00:00Z,425,7,80,0.6,10000,10000,123,50,NA,49,1.2548682479061726,diff_3,0.9188901529471081,3
6,2,1,2025-05-01T00:00:00Z,C.comatus,wood chips,oatbran 10%,1.5,2025-03-13T00:00:00Z,2025-04-23T00:00:00Z,2025-04-29T00:00:00Z,2025-04-30T00:00:00Z,425,7,80,0.6,10000,10000,123,50,NA,49,1.2548682479061726,diff_4,1.0934928982979382,4
6,2,1,2025-05-01T00:00:00Z,C.comatus,wood chips,oatbran 10%,1.5,2025-03-13T00:00:00Z,2025-04-23T00:00:00Z,2025-04-29T00:00:00Z,2025-04-30T00:00:00Z,425,7,80,0.6,10000,10000,123,50,NA,49,1.2548682479061726,diff_5,1.2680956436487665,5
6,2,1,2025-05-01T00:00:00Z,C.comatus,wood chips,oatbran 10%,1.5,2025-03-13T00:00:00Z,2025-04-23T00:00:00Z,2025-04-29T00:00:00Z,2025-04-30T00:00:00Z,425,7,80,0.6,10000,10000,123,50,NA,49,1.2548682479061726,diff_6,1.442698388999597,6
6,2,1,2025-05-01T00:00:00Z,C.comatus,wood chips,oatbran 10%,1.5,2025-03-13T00:00:00Z,2025-04-23T00:00:00Z,2025-04-29T00:00:00Z,2025-04-30T00:00:00Z,425,7,80,0.6,10000,10000,123,50,NA,49,1.2548682479061726,diff_7,1.6173011343504298,7
6,2,1,2025-05-01T00:00:00Z,C.comatus,wood chips,oatbran 10%,1.5,2025-03-13T00:00:00Z,2025-04-23T00:00:00Z,2025-04-29T00:00:00Z,2025-04-30T00:00:00Z,425,7,80,0.6,10000,10000,123,50,NA,49,1.2548682479061726,diff_8,1.7919038797012536,8
6,2,1,2025-05-01T00:00:00Z,C.comatus,wood chips,oatbran 10%,1.5,2025-03-13T00:00:00Z,2025-04-23T00:00:00Z,2025-04-29T00:00:00Z,2025-04-30T00:00:00Z,425,7,80,0.6,10000,10000,123,50,NA,49,1.2548682479061726,diff_9,1.9665066250520873,9
7,3,1,2025-05-01T00:00:00Z,P.ostreatus v. Floridae,corn cobs,oatbran 10%,1.5,2025-03-14T00:00:00Z,2025-04-23T00:00:00Z,2025-04-29T00:00:00Z,2025-04-30T00:00:00Z,425,7,80,0.6,10000,10000,123,50,NA,48,0.3946625771072178,diff_1,0.25329090769567686,1
7,3,1,2025-05-01T00:00:00Z,P.ostreatus v. Floridae,corn cobs,oatbran 10%,1.5,2025-03-14T00:00:00Z,2025-04-23T00:00:00Z,2025-04-29T00:00:00Z,2025-04-30T00:00:00Z,425,7,80,0.6,10000,10000,123,50,NA,48,0.3946625771072178,diff_2,0.2886338250485625,2
7,3,1,2025-05-01T00:00:00Z,P.ostreatus v. Floridae,corn cobs,oatbran 10%,1.5,2025-03-14T00:00:00Z,2025-04-23T00:00:00Z,2025-04-29T00:00:00Z,2025-04-30T00:00:00Z,425,7,80,0.6,10000,10000,123,50,NA,48,0.3946625771072178,diff_3,0.32397674240144747,3
7,3,1,2025-05-01T00:00:00Z,P.ostreatus v. Floridae,corn cobs,oatbran 10%,1.5,2025-03-14T00:00:00Z,2025-04-23T00:00:00Z,2025-04-29T00:00:00Z,2025-04-30T00:00:00Z,425,7,80,0.6,10000,10000,123,50,NA,48,0.3946625771072178,diff_4,0.35931965975433267,4
7,3,1,2025-05-01T00:00:00Z,P.ostreatus v. Floridae,corn cobs,oatbran 10%,1.5,2025-03-14T00:00:00Z,2025-04-23T00:00:00Z,2025-04-29T00:00:00Z,2025-04-30T00:00:00Z,425,7,80,0.6,10000,10000,123,50,NA,48,0.3946625771072178,diff_5,0.3946625771072174,5
7,3,1,2025-05-01T00:00:00Z,P.ostreatus v. Floridae,corn cobs,oatbran 10%,1.5,2025-03-14T00:00:00Z,2025-04-23T00:00:00Z,2025-04-29T00:00:00Z,2025-04-30T00:00:00Z,425,7,80,0.6,10000,10000,123,50,NA,48,0.3946625771072178,diff_6,0.43000549446010305,6
7,3,1,2025-05-01T00:00:00Z,P.ostreatus v. Floridae,corn cobs,oatbran 10%,1.5,2025-03-14T00:00:00Z,2025-04-23T00:00:00Z,2025-04-29T00:00:00Z,2025-04-30T00:00:00Z,425,7,80,0.6,10000,10000,123,50,NA,48,0.3946625771072178,diff_7,0.4653484118129878,7
7,3,1,2025-05-01T00:00:00Z,P.ostreatus v. Floridae,corn cobs,oatbran 10%,1.5,2025-03-14T00:00:00Z,2025-04-23T00:00:00Z,2025-04-29T00:00:00Z,2025-04-30T00:00:00Z,425,7,80,0.6,10000,10000,123,50,NA,48,0.3946625771072178,diff_8,0.5006913291658743,8
7,3,1,2025-05-01T00:00:00Z,P.ostreatus v. Floridae,corn cobs,oatbran 10%,1.5,2025-03-14T00:00:00Z,2025-04-23T00:00:00Z,2025-04-29T00:00:00Z,2025-04-30T00:00:00Z,425,7,80,0.6,10000,10000,123,50,NA,48,0.3946625771072178,diff_9,0.5360342465187582,9
8,3,1,2025-05-01T00:00:00Z,P.ostreatus v. Floridae,corn cobs,oatbran 10%,1.5,2025-03-14T00:00:00Z,2025-04-23T00:00:00Z,2025-04-29T00:00:00Z,2025-04-30T00:00:00Z,425,7,80,0.6,10000,10000,123,50,NA,48,3.4871678454846706,diff_1,1.2252211349000195,1
8,3,1,2025-05-01T00:00:00Z,P.ostreatus v. Floridae,corn cobs,oatbran 10%,1.5,2025-03-14T00:00:00Z,2025-04-23T00:00:00Z,2025-04-29T00:00:00Z,2025-04-30T00:00:00Z,425,7,80,0.6,10000,10000,123,50,NA,48,3.4871678454846706,diff_2,1.7907078125461826,2
8,3,1,2025-05-01T00:00:00Z,P.ostreatus v. Floridae,corn cobs,oatbran 10%,1.5,2025-03-14T00:00:00Z,2025-04-23T00:00:00Z,2025-04-29T00:00:00Z,2025-04-30T00:00:00Z,425,7,80,0.6,10000,10000,123,50,NA,48,3.4871678454846706,diff_3,2.356194490192343,3
8,3,1,2025-05-01T00:00:00Z,P.ostreatus v. Floridae,corn cobs,oatbran 10%,1.5,2025-03-14T00:00:00Z,2025-04-23T00:00:00Z,2025-04-29T00:00:00Z,2025-04-30T00:00:00Z,425,7,80,0.6,10000,10000,123,50,NA,48,3.4871678454846706,diff_4,2.921681167838507,4
8,3,1,2025-05-01T00:00:00Z,P.ostreatus v. Floridae,corn cobs,oatbran 10%,1.5,2025-03-14T00:00:00Z,2025-04-23T00:00:00Z,2025-04-29T00:00:00Z,2025-04-30T00:00:00Z,425,7,80,0.6,10000,10000,123,50,NA,48,3.4871678454846706,diff_5,3.487167845484672,5
8,3,1,2025-05-01T00:00:00Z,P.ostreatus v. Floridae,corn cobs,oatbran 10%,1.5,2025-03-14T00:00:00Z,2025-04-23T00:00:00Z,2025-04-29T00:00:00Z,2025-04-30T00:00:00Z,425,7,80,0.6,10000,10000,123,50,NA,48,3.4871678454846706,diff_6,4.05265452313083,6
8,3,1,2025-05-01T00:00:00Z,P.ostreatus v. Floridae,corn cobs,oatbran 10%,1.5,2025-03-14T00:00:00Z,2025-04-23T00:00:00Z,2025-04-29T00:00:00Z,2025-04-30T00:00:00Z,425,7,80,0.6,10000,10000,123,50,NA,48,3.4871678454846706,diff_7,4.618141200777,7
8,3,1,2025-05-01T00:00:00Z,P.ostreatus v. Floridae,corn cobs,oatbran 10%,1.5,2025-03-14T00:00:00Z,2025-04-23T00:00:00Z,2025-04-29T00:00:00Z,2025-04-30T00:00:00Z,425,7,80,0.6,10000,10000,123,50,NA,48,3.4871678454846706,diff_8,5.1836278784231595,8
8,3,1,2025-05-01T00:00:00Z,P.ostreatus v. Floridae,corn cobs,oatbran 10%,1.5,2025-03-14T00:00:00Z,2025-04-23T00:00:00Z,2025-04-29T00:00:00Z,2025-04-30T00:00:00Z,425,7,80,0.6,10000,10000,123,50,NA,48,3.4871678454846706,diff_9,5.749114556069323,9
9,3,1,2025-05-01T00:00:00Z,P.ostreatus v. Floridae,corn cobs,oatbran 10%,1.5,2025-03-14T00:00:00Z,2025-04-23T00:00:00Z,2025-04-29T00:00:00Z,2025-04-30T00:00:00Z,425,7,80,0.6,10000,10000,123,50,NA,48,0.5969026041820605,diff_1,0.3455751918948773,1
9,3,1,2025-05-01T00:00:00Z,P.ostreatus v. Floridae,corn cobs,oatbran 10%,1.5,2025-03-14T00:00:00Z,2025-04-23T00:00:00Z,2025-04-29T00:00:00Z,2025-04-30T00:00:00Z,425,7,80,0.6,10000,10000,123,50,NA,48,0.5969026041820605,diff_2,0.4084070449666728,2
9,3,1,2025-05-01T00:00:00Z,P.ostreatus v. Floridae,corn cobs,oatbran 10%,1.5,2025-03-14T00:00:00Z,2025-04-23T00:00:00Z,2025-04-29T00:00:00Z,2025-04-30T00:00:00Z,425,7,80,0.6,10000,10000,123,50,NA,48,0.5969026041820605,diff_3,0.4712388980384694,3
9,3,1,2025-05-01T00:00:00Z,P.ostreatus v. Floridae,corn cobs,oatbran 10%,1.5,2025-03-14T00:00:00Z,2025-04-23T00:00:00Z,2025-04-29T00:00:00Z,2025-04-30T00:00:00Z,425,7,80,0.6,10000,10000,123,50,NA,48,0.5969026041820605,diff_4,0.5340707511102649,4
9,3,1,2025-05-01T00:00:00Z,P.ostreatus v. Floridae,corn cobs,oatbran 10%,1.5,2025-03-14T00:00:00Z,2025-04-23T00:00:00Z,2025-04-29T00:00:00Z,2025-04-30T00:00:00Z,425,7,80,0.6,10000,10000,123,50,NA,48,0.5969026041820605,diff_5,0.5969026041820604,5
9,3,1,2025-05-01T00:00:00Z,P.ostreatus v. Floridae,corn cobs,oatbran 10%,1.5,2025-03-14T00:00:00Z,2025-04-23T00:00:00Z,2025-04-29T00:00:00Z,2025-04-30T00:00:00Z,425,7,80,0.6,10000,10000,123,50,NA,48,0.5969026041820605,diff_6,0.6597344572538573,6
9,3,1,2025-05-01T00:00:00Z,P.ostreatus v. Floridae,corn cobs,oatbran 10%,1.5,2025-03-14T00:00:00Z,2025-04-23T00:00:00Z,2025-04-29T00:00:00Z,2025-04-30T00:00:00Z,425,7,80,0.6,10000,10000,123,50,NA,48,0.5969026041820605,diff_7,0.7225663103256519,7
9,3,1,2025-05-01T00:00:00Z,P.ostreatus v. Floridae,corn cobs,oatbran 10%,1.5,2025-03-14T00:00:00Z,2025-04-23T00:00:00Z,2025-04-29T00:00:00Z,2025-04-30T00:00:00Z,425,7,80,0.6,10000,10000,123,50,NA,48,0.5969026041820605,diff_8,0.7853981633974483,8
9,3,1,2025-05-01T00:00:00Z,P.ostreatus v. Floridae,corn cobs,oatbran 10%,1.5,2025-03-14T00:00:00Z,2025-04-23T00:00:00Z,2025-04-29T00:00:00Z,2025-04-30T00:00:00Z,425,7,80,0.6,10000,10000,123,50,NA,48,0.5969026041820605,diff_9,0.8482300164692429,9
10,4,1,2025-05-01T00:00:00Z,faecal isolate 1,wood chips,oatbran 2%,1.5,2025-03-14T00:00:00Z,2025-03-31T00:00:00Z,2025-04-29T00:00:00Z,2025-04-30T00:00:00Z,425,7,80,0.6,10000,10000,123,50,NA,48,4.821472058634336,diff_1,1.7592918860102844,1
10,4,1,2025-05-01T00:00:00Z,faecal isolate 1,wood chips,oatbran 2%,1.5,2025-03-14T00:00:00Z,2025-03-31T00:00:00Z,2025-04-29T00:00:00Z,2025-04-30T00:00:00Z,425,7,80,0.6,10000,10000,123,50,NA,48,4.821472058634336,diff_2,2.764601535159018,2
10,4,1,2025-05-01T00:00:00Z,faecal isolate 1,wood chips,oatbran 2%,1.5,2025-03-14T00:00:00Z,2025-03-31T00:00:00Z,2025-04-29T00:00:00Z,2025-04-30T00:00:00Z,425,7,80,0.6,10000,10000,123,50,NA,48,4.821472058634336,diff_3,3.76991118430775,3
10,4,1,2025-05-01T00:00:00Z,faecal isolate 1,wood chips,oatbran 2%,1.5,2025-03-14T00:00:00Z,2025-03-31T00:00:00Z,2025-04-29T00:00:00Z,2025-04-30T00:00:00Z,425,7,80,0.6,10000,10000,123,50,NA,48,4.821472058634336,diff_4,4.775220833456487,4
10,4,1,2025-05-01T00:00:00Z,faecal isolate 1,wood chips,oatbran 2%,1.5,2025-03-14T00:00:00Z,2025-03-31T00:00:00Z,2025-04-29T00:00:00Z,2025-04-30T00:00:00Z,425,7,80,0.6,10000,10000,123,50,NA,48,4.821472058634336,diff_5,5.78053048260522,5
10,4,1,2025-05-01T00:00:00Z,faecal isolate 1,wood chips,oatbran 2%,1.5,2025-03-14T00:00:00Z,2025-03-31T00:00:00Z,2025-04-29T00:00:00Z,2025-04-30T00:00:00Z,425,7,80,0.6,10000,10000,123,50,NA,48,4.821472058634336,diff_6,6.785840131753954,6
10,4,1,2025-05-01T00:00:00Z,faecal isolate 1,wood chips,oatbran 2%,1.5,2025-03-14T00:00:00Z,2025-03-31T00:00:00Z,2025-04-29T00:00:00Z,2025-04-30T00:00:00Z,425,7,80,0.6,10000,10000,123,50,NA,48,4.821472058634336,diff_7,7.791149780902678,7
10,4,1,2025-05-01T00:00:00Z,faecal isolate 1,wood chips,oatbran 2%,1.5,2025-03-14T00:00:00Z,2025-03-31T00:00:00Z,2025-04-29T00:00:00Z,2025-04-30T00:00:00Z,425,7,80,0.6,10000,10000,123,50,NA,48,4.821472058634336,diff_8,8.796459430051435,8
10,4,1,2025-05-01T00:00:00Z,faecal isolate 1,wood chips,oatbran 2%,1.5,2025-03-14T00:00:00Z,2025-03-31T00:00:00Z,2025-04-29T00:00:00Z,2025-04-30T00:00:00Z,425,7,80,0.6,10000,10000,123,50,NA,48,4.821472058634336,diff_9,1.17024326346219,9
11,4,1,2025-05-01T00:00:00Z,faecal isolate 1,wood chips,oatbran 2%,1.5,2025-03-14T00:00:00Z,2025-03-31T00:00:00Z,2025-04-29T00:00:00Z,2025-04-30T00:00:00Z,425,7,80,0.6,10000,10000,123,50,NA,48,0.22776546738526,diff_1,0.16493361431346432,1
11,4,1,2025-05-01T00:00:00Z,faecal isolate 1,wood chips,oatbran 2%,1.5,2025-03-14T00:00:00Z,2025-03-31T00:00:00Z,2025-04-29T00:00:00Z,2025-04-30T00:00:00Z,425,7,80,0.6,10000,10000,123,50,NA,48,0.22776546738526,diff_2,0.18064157758141297,2
11,4,1,2025-05-01T00:00:00Z,faecal isolate 1,wood chips,oatbran 2%,1.5,2025-03-14T00:00:00Z,2025-03-31T00:00:00Z,2025-04-29T00:00:00Z,2025-04-30T00:00:00Z,425,7,80,0.6,10000,10000,123,50,NA,48,0.22776546738526,diff_3,0.19634954084936207,3
11,4,1,2025-05-01T00:00:00Z,faecal isolate 1,wood chips,oatbran 2%,1.5,2025-03-14T00:00:00Z,2025-03-31T00:00:00Z,2025-04-29T00:00:00Z,2025-04-30T00:00:00Z,425,7,80,0.6,10000,10000,123,50,NA,48,0.22776546738526,diff_4,0.21205750411731072,4
11,4,1,2025-05-01T00:00:00Z,faecal isolate 1,wood chips,oatbran 2%,1.5,2025-03-14T00:00:00Z,2025-03-31T00:00:00Z,2025-04-29T00:00:00Z,2025-04-30T00:00:00Z,425,7,80,0.6,10000,10000,123,50,NA,48,0.22776546738526,diff_5,0.22776546738526027,5
11,4,1,2025-05-01T00:00:00Z,faecal isolate 1,wood chips,oatbran 2%,1.5,2025-03-14T00:00:00Z,2025-03-31T00:00:00Z,2025-04-29T00:00:00Z,2025-04-30T00:00:00Z,425,7,80,0.6,10000,10000,123,50,NA,48,0.22776546738526,diff_6,0.24347343065320914,6
11,4,1,2025-05-01T00:00:00Z,faecal isolate 1,wood chips,oatbran 2%,1.5,2025-03-14T00:00:00Z,2025-03-31T00:00:00Z,2025-04-29T00:00:00Z,2025-04-30T00:00:00Z,425,7,80,0.6,10000,10000,123,50,NA,48,0.22776546738526,diff_7,0.25918139392115735,7
11,4,1,2025-05-01T00:00:00Z,faecal isolate 1,wood chips,oatbran 2%,1.5,2025-03-14T00:00:00Z,2025-03-31T00:00:00Z,2025-04-29T00:00:00Z,2025-04-30T00:00:00Z,425,7,80,0.6,10000,10000,123,50,NA,48,0.22776546738526,diff_8,0.27488935718910756,8
11,4,1,2025-05-01T00:00:00Z,faecal isolate 1,wood chips,oatbran 2%,1.5,2025-03-14T00:00:00Z,2025-03-31T00:00:00Z,2025-04-29T00:00:00Z,2025-04-30T00:00:00Z,425,7,80,0.6,10000,10000,123,50,NA,48,0.22776546738526,diff_9,0.29059732045705555,9
12,4,1,2025-05-01T00:00:00Z,faecal isolate 1,wood chips,oatbran 2%,1.5,2025-03-14T00:00:00Z,2025-03-31T00:00:00Z,2025-04-29T00:00:00Z,2025-04-30T00:00:00Z,425,7,80,0.6,10000,10000,123,50,NA,48,3.0021844795867465,diff_1,1.1015209241649215,1
12,4,1,2025-05-01T00:00:00Z,faecal isolate 1,wood chips,oatbran 2%,1.5,2025-03-14T00:00:00Z,2025-03-31T00:00:00Z,2025-04-29T00:00:00Z,2025-04-30T00:00:00Z,425,7,80,0.6,10000,10000,123,50,NA,48,3.0021844795867465,diff_2,1.576686813020377,2
12,4,1,2025-05-01T00:00:00Z,faecal isolate 1,wood chips,oatbran 2%,1.5,2025-03-14T00:00:00Z,2025-03-31T00:00:00Z,2025-04-29T00:00:00Z,2025-04-30T00:00:00Z,425,7,80,0.6,10000,10000,123,50,NA,48,3.0021844795867465,diff_3,2.0518527018758337,3
12,4,1,2025-05-01T00:00:00Z,faecal isolate 1,wood chips,oatbran 2%,1.5,2025-03-14T00:00:00Z,2025-03-31T00:00:00Z,2025-04-29T00:00:00Z,2025-04-30T00:00:00Z,425,7,80,0.6,10000,10000,123,50,NA,48,3.0021844795867465,diff_4,2.5270185907312905,4
12,4,1,2025-05-01T00:00:00Z,faecal isolate 1,wood chips,oatbran 2%,1.5,2025-03-14T00:00:00Z,2025-03-31T00:00:00Z,2025-04-29T00:00:00Z,2025-04-30T00:00:00Z,425,7,80,0.6,10000,10000,123,50,NA,48,3.0021844795867465,diff_5,3.002184479586745,5
12,4,1,2025-05-01T00:00:00Z,faecal isolate 1,wood chips,oatbran 2%,1.5,2025-03-14T00:00:00Z,2025-03-31T00:00:00Z,2025-04-29T00:00:00Z,2025-04-30T00:00:00Z,425,7,80,0.6,10000,10000,123,50,NA,48,3.0021844795867465,diff_6,3.4773503684422007,6
12,4,1,2025-05-01T00:00:00Z,faecal isolate 1,wood chips,oatbran 2%,1.5,2025-03-14T00:00:00Z,2025-03-31T00:00:00Z,2025-04-29T00:00:00Z,2025-04-30T00:00:00Z,425,7,80,0.6,10000,10000,123,50,NA,48,3.0021844795867465,diff_7,3.952516257297658,7
12,4,1,2025-05-01T00:00:00Z,faecal isolate 1,wood chips,oatbran 2%,1.5,2025-03-14T00:00:00Z,2025-03-31T00:00:00Z,2025-04-29T00:00:00Z,2025-04-30T00:00:00Z,425,7,80,0.6,10000,10000,123,50,NA,48,3.0021844795867465,diff_8,4.427682146153121,8
12,4,1,2025-05-01T00:00:00Z,faecal isolate 1,wood chips,oatbran 2%,1.5,2025-03-14T00:00:00Z,2025-03-31T00:00:00Z,2025-04-29T00:00:00Z,2025-04-30T00:00:00Z,425,7,80,0.6,10000,10000,123,50,NA,48,3.0021844795867465,diff_9,4.902848035008571,9
13,5,1,2025-05-01T00:00:00Z,P.ostreatus v. Floridae,wood chips,oatbran 10%,1.5,2025-03-14T00:00:00Z,2025-04-17T00:00:00Z,2025-04-29T00:00:00Z,2025-04-30T00:00:00Z,425,7,80,0.6,10000,10000,123,50,NA,48,1.7592918860102837,diff_1,0.7539822368615501,1
13,5,1,2025-05-01T00:00:00Z,P.ostreatus v. Floridae,wood chips,oatbran 10%,1.5,2025-03-14T00:00:00Z,2025-04-17T00:00:00Z,2025-04-29T00:00:00Z,2025-04-30T00:00:00Z,425,7,80,0.6,10000,10000,123,50,NA,48,1.7592918860102837,diff_2,1.0053096491487343,2
13,5,1,2025-05-01T00:00:00Z,P.ostreatus v. Floridae,wood chips,oatbran 10%,1.5,2025-03-14T00:00:00Z,2025-04-17T00:00:00Z,2025-04-29T00:00:00Z,2025-04-30T00:00:00Z,425,7,80,0.6,10000,10000,123,50,NA,48,1.7592918860102837,diff_3,1.2566370614359177,3
13,5,1,2025-05-01T00:00:00Z,P.ostreatus v. Floridae,wood chips,oatbran 10%,1.5,2025-03-14T00:00:00Z,2025-04-17T00:00:00Z,2025-04-29T00:00:00Z,2025-04-30T00:00:00Z,425,7,80,0.6,10000,10000,123,50,NA,48,1.7592918860102837,diff_4,1.5079644737231002,4
13,5,1,2025-05-01T00:00:00Z,P.ostreatus v. Floridae,wood chips,oatbran 10%,1.5,2025-03-14T00:00:00Z,2025-04-17T00:00:00Z,2025-04-29T00:00:00Z,2025-04-30T00:00:00Z,425,7,80,0.6,10000,10000,123,50,NA,48,1.7592918860102837,diff_5,1.759291886010284,5
13,5,1,2025-05-01T00:00:00Z,P.ostreatus v. Floridae,wood chips,oatbran 10%,1.5,2025-03-14T00:00:00Z,2025-04-17T00:00:00Z,2025-04-29T00:00:00Z,2025-04-30T00:00:00Z,425,7,80,0.6,10000,10000,123,50,NA,48,1.7592918860102837,diff_6,2.010619298297466,6
13,5,1,2025-05-01T00:00:00Z,P.ostreatus v. Floridae,wood chips,oatbran 10%,1.5,2025-03-14T00:00:00Z,2025-04-17T00:00:00Z,2025-04-29T00:00:00Z,2025-04-30T00:00:00Z,425,7,80,0.6,10000,10000,123,50,NA,48,1.7592918860102837,diff_7,2.2619467105846525,7
13,5,1,2025-05-01T00:00:00Z,P.ostreatus v. Floridae,wood chips,oatbran 10%,1.5,2025-03-14T00:00:00Z,2025-04-17T00:00:00Z,2025-04-29T00:00:00Z,2025-04-30T00:00:00Z,425,7,80,0.6,10000,10000,123,50,NA,48,1.7592918860102837,diff_8,2.5132741228718345,8
13,5,1,2025-05-01T00:00:00Z,P.ostreatus v. Floridae,wood chips,oatbran 10%,1.5,2025-03-14T00:00:00Z,2025-04-17T00:00:00Z,2025-04-29T00:00:00Z,2025-04-30T00:00:00Z,425,7,80,0.6,10000,10000,123,50,NA,48,1.7592918860102837,diff_9,2.7646015351590147,9
14,5,1,2025-05-01T00:00:00Z,P.ostreatus v. Floridae,wood chips,oatbran 10%,1.5,2025-03-14T00:00:00Z,2025-04-17T00:00:00Z,2025-04-29T00:00:00Z,2025-04-30T00:00:00Z,425,7,80,0.6,10000,10000,123,50,NA,48,4.821472058634336,diff_1,2.04988920646734,1
14,5,1,2025-05-01T00:00:00Z,P.ostreatus v. Floridae,wood chips,oatbran 10%,1.5,2025-03-14T00:00:00Z,2025-04-17T00:00:00Z,2025-04-29T00:00:00Z,2025-04-30T00:00:00Z,425,7,80,0.6,10000,10000,123,50,NA,48,4.821472058634336,diff_2,3.322234231171205,2
14,5,1,2025-05-01T00:00:00Z,P.ostreatus v. Floridae,wood chips,oatbran 10%,1.5,2025-03-14T00:00:00Z,2025-04-17T00:00:00Z,2025-04-29T00:00:00Z,2025-04-30T00:00:00Z,425,7,80,0.6,10000,10000,123,50,NA,48,4.821472058634336,diff_3,4.594579255875075,3
14,5,1,2025-05-01T00:00:00Z,P.ostreatus v. Floridae,wood chips,oatbran 10%,1.5,2025-03-14T00:00:00Z,2025-04-17T00:00:00Z,2025-04-29T00:00:00Z,2025-04-30T00:00:00Z,425,7,80,0.6,10000,10000,123,50,NA,48,4.821472058634336,diff_4,5.8669242805789334,4
14,5,1,2025-05-01T00:00:00Z,P.ostreatus v. Floridae,wood chips,oatbran 10%,1.5,2025-03-14T00:00:00Z,2025-04-17T00:00:00Z,2025-04-29T00:00:00Z,2025-04-30T00:00:00Z,425,7,80,0.6,10000,10000,123,50,NA,48,4.821472058634336,diff_5,7.139269305282809,5
14,5,1,2025-05-01T00:00:00Z,P.ostreatus v. Floridae,wood chips,oatbran 10%,1.5,2025-03-14T00:00:00Z,2025-04-17T00:00:00Z,2025-04-29T00:00:00Z,2025-04-30T00:00:00Z,425,7,80,0.6,10000,10000,123,50,NA,48,4.821472058634336,diff_6,8.411614329986673,6
14,5,1,2025-05-01T00:00:00Z,P.ostreatus v. Floridae,wood chips,oatbran 10%,1.5,2025-03-14T00:00:00Z,2025-04-17T00:00:00Z,2025-04-29T00:00:00Z,2025-04-30T00:00:00Z,425,7,80,0.6,10000,10000,123,50,NA,48,4.821472058634336,diff_7,9.683959354690536,7
14,5,1,2025-05-01T00:00:00Z,P.ostreatus v. Floridae,wood chips,oatbran 10%,1.5,2025-03-14T00:00:00Z,2025-04-17T00:00:00Z,2025-04-29T00:00:00Z,2025-04-30T00:00:00Z,425,7,80,0.6,10000,10000,123,50,NA,48,4.821472058634336,diff_8,2.3247785636564444,8
14,5,1,2025-05-01T00:00:00Z,P.ostreatus v. Floridae,wood chips,oatbran 10%,1.5,2025-03-14T00:00:00Z,2025-04-17T00:00:00Z,2025-04-29T00:00:00Z,2025-04-30T00:00:00Z,425,7,80,0.6,10000,10000,123,50,NA,48,4.821472058634336,diff_9,0,9
15,5,1,2025-05-01T00:00:00Z,P.ostreatus v. Floridae,wood chips,oatbran 10%,1.5,2025-03-14T00:00:00Z,2025-04-17T00:00:00Z,2025-04-29T00:00:00Z,2025-04-30T00:00:00Z,425,7,80,0.6,10000,10000,123,50,NA,48,-3.8999382135813296,diff_1,-43.39324852770902,1
15,5,1,2025-05-01T00:00:00Z,P.ostreatus v. Floridae,wood chips,oatbran 10%,1.5,2025-03-14T00:00:00Z,2025-04-17T00:00:00Z,2025-04-29T00:00:00Z,2025-04-30T00:00:00Z,425,7,80,0.6,10000,10000,123,50,NA,48,-3.8999382135813296,diff_2,0.5419247327442394,2
15,5,1,2025-05-01T00:00:00Z,P.ostreatus v. Floridae,wood chips,oatbran 10%,1.5,2025-03-14T00:00:00Z,2025-04-17T00:00:00Z,2025-04-29T00:00:00Z,2025-04-30T00:00:00Z,425,7,80,0.6,10000,10000,123,50,NA,48,-3.8999382135813296,diff_3,0.6832964021557801,3
15,5,1,2025-05-01T00:00:00Z,P.ostreatus v. Floridae,wood chips,oatbran 10%,1.5,2025-03-14T00:00:00Z,2025-04-17T00:00:00Z,2025-04-29T00:00:00Z,2025-04-30T00:00:00Z,425,7,80,0.6,10000,10000,123,50,NA,48,-3.8999382135813296,diff_4,0.8246680715673205,4
15,5,1,2025-05-01T00:00:00Z,P.ostreatus v. Floridae,wood chips,oatbran 10%,1.5,2025-03-14T00:00:00Z,2025-04-17T00:00:00Z,2025-04-29T00:00:00Z,2025-04-30T00:00:00Z,425,7,80,0.6,10000,10000,123,50,NA,48,-3.8999382135813296,diff_5,0.9660397409788621,5
15,5,1,2025-05-01T00:00:00Z,P.ostreatus v. Floridae,wood chips,oatbran 10%,1.5,2025-03-14T00:00:00Z,2025-04-17T00:00:00Z,2025-04-29T00:00:00Z,2025-04-30T00:00:00Z,425,7,80,0.6,10000,10000,123,50,NA,48,-3.8999382135813296,diff_6,1.1074114103904016,6
15,5,1,2025-05-01T00:00:00Z,P.ostreatus v. Floridae,wood chips,oatbran 10%,1.5,2025-03-14T00:00:00Z,2025-04-17T00:00:00Z,2025-04-29T00:00:00Z,2025-04-30T00:00:00Z,425,7,80,0.6,10000,10000,123,50,NA,48,-3.8999382135813296,diff_7,1.2487830798019415,7
15,5,1,2025-05-01T00:00:00Z,P.ostreatus v. Floridae,wood chips,oatbran 10%,1.5,2025-03-14T00:00:00Z,2025-04-17T00:00:00Z,2025-04-29T00:00:00Z,2025-04-30T00:00:00Z,425,7,80,0.6,10000,10000,123,50,NA,48,-3.8999382135813296,diff_8,1.3901547492134858,8
15,5,1,2025-05-01T00:00:00Z,P.ostreatus v. Floridae,wood chips,oatbran 10%,1.5,2025-03-14T00:00:00Z,2025-04-17T00:00:00Z,2025-04-29T00:00:00Z,2025-04-30T00:00:00Z,425,7,80,0.6,10000,10000,123,50,NA,48,-3.8999382135813296,diff_9,1.5315264186250213,9
16,1,2,2025-05-12T00:00:00Z,Control,corn cobs,oatbran 10%,1.5,2025-03-14T00:00:00Z,2025-04-23T00:00:00Z,2025-05-11T00:00:00Z,2025-05-12T00:00:00Z,433,7,80,0.7,10000,10000,110,76,NA,59,2.60664923785353,diff_1,-9.966702693513621,1
16,1,2,2025-05-12T00:00:00Z,Control,corn cobs,oatbran 10%,1.5,2025-03-14T00:00:00Z,2025-04-23T00:00:00Z,2025-05-11T00:00:00Z,2025-05-12T00:00:00Z,433,7,80,0.7,10000,10000,110,76,NA,59,2.60664923785353,diff_2,1.4844025288211768,2
16,1,2,2025-05-12T00:00:00Z,Control,corn cobs,oatbran 10%,1.5,2025-03-14T00:00:00Z,2025-04-23T00:00:00Z,2025-05-11T00:00:00Z,2025-05-12T00:00:00Z,433,7,80,0.7,10000,10000,110,76,NA,59,2.60664923785353,diff_3,2.254092728950677,3
16,1,2,2025-05-12T00:00:00Z,Control,corn cobs,oatbran 10%,1.5,2025-03-14T00:00:00Z,2025-04-23T00:00:00Z,2025-05-11T00:00:00Z,2025-05-12T00:00:00Z,433,7,80,0.7,10000,10000,110,76,NA,59,2.60664923785353,diff_4,3.023782929080177,4
16,1,2,2025-05-12T00:00:00Z,Control,corn cobs,oatbran 10%,1.5,2025-03-14T00:00:00Z,2025-04-23T00:00:00Z,2025-05-11T00:00:00Z,2025-05-12T00:00:00Z,433,7,80,0.7,10000,10000,110,76,NA,59,2.60664923785353,diff_5,3.7934731292096737,5
16,1,2,2025-05-12T00:00:00Z,Control,corn cobs,oatbran 10%,1.5,2025-03-14T00:00:00Z,2025-04-23T00:00:00Z,2025-05-11T00:00:00Z,2025-05-12T00:00:00Z,433,7,80,0.7,10000,10000,110,76,NA,59,2.60664923785353,diff_6,4.563163329339174,6
16,1,2,2025-05-12T00:00:00Z,Control,corn cobs,oatbran 10%,1.5,2025-03-14T00:00:00Z,2025-04-23T00:00:00Z,2025-05-11T00:00:00Z,2025-05-12T00:00:00Z,433,7,80,0.7,10000,10000,110,76,NA,59,2.60664923785353,diff_7,5.332853529468675,7
16,1,2,2025-05-12T00:00:00Z,Control,corn cobs,oatbran 10%,1.5,2025-03-14T00:00:00Z,2025-04-23T00:00:00Z,2025-05-11T00:00:00Z,2025-05-12T00:00:00Z,433,7,80,0.7,10000,10000,110,76,NA,59,2.60664923785353,diff_8,6.102543729598175,8
16,1,2,2025-05-12T00:00:00Z,Control,corn cobs,oatbran 10%,1.5,2025-03-14T00:00:00Z,2025-04-23T00:00:00Z,2025-05-11T00:00:00Z,2025-05-12T00:00:00Z,433,7,80,0.7,10000,10000,110,76,NA,59,2.60664923785353,diff_9,6.872233929727663,9
17,1,2,2025-05-12T00:00:00Z,Control,corn cobs,oatbran 10%,1.5,2025-03-14T00:00:00Z,2025-04-23T00:00:00Z,2025-05-11T00:00:00Z,2025-05-12T00:00:00Z,433,7,80,0.7,10000,10000,110,76,NA,59,-3.865031628541443,diff_1,-41.068469964052575,1
17,1,2,2025-05-12T00:00:00Z,Control,corn cobs,oatbran 10%,1.5,2025-03-14T00:00:00Z,2025-04-23T00:00:00Z,2025-05-11T00:00:00Z,2025-05-12T00:00:00Z,433,7,80,0.7,10000,10000,110,76,NA,59,-3.865031628541443,diff_2,0.4417864669110647,2
17,1,2,2025-05-12T00:00:00Z,Control,corn cobs,oatbran 10%,1.5,2025-03-14T00:00:00Z,2025-04-23T00:00:00Z,2025-05-11T00:00:00Z,2025-05-12T00:00:00Z,433,7,80,0.7,10000,10000,110,76,NA,59,-3.865031628541443,diff_3,0.5399612373357456,3
17,1,2,2025-05-12T00:00:00Z,Control,corn cobs,oatbran 10%,1.5,2025-03-14T00:00:00Z,2025-04-23T00:00:00Z,2025-05-11T00:00:00Z,2025-05-12T00:00:00Z,433,7,80,0.7,10000,10000,110,76,NA,59,-3.865031628541443,diff_4,0.6381360077604266,4
17,1,2,2025-05-12T00:00:00Z,Control,corn cobs,oatbran 10%,1.5,2025-03-14T00:00:00Z,2025-04-23T00:00:00Z,2025-05-11T00:00:00Z,2025-05-12T00:00:00Z,433,7,80,0.7,10000,10000,110,76,NA,59,-3.865031628541443,diff_5,0.7363107781851079,5
17,1,2,2025-05-12T00:00:00Z,Control,corn cobs,oatbran 10%,1.5,2025-03-14T00:00:00Z,2025-04-23T00:00:00Z,2025-05-11T00:00:00Z,2025-05-12T00:00:00Z,433,7,80,0.7,10000,10000,110,76,NA,59,-3.865031628541443,diff_6,0.8344855486097886,6
17,1,2,2025-05-12T00:00:00Z,Control,corn cobs,oatbran 10%,1.5,2025-03-14T00:00:00Z,2025-04-23T00:00:00Z,2025-05-11T00:00:00Z,2025-05-12T00:00:00Z,433,7,80,0.7,10000,10000,110,76,NA,59,-3.865031628541443,diff_7,0.9326603190344702,7
17,1,2,2025-05-12T00:00:00Z,Control,corn cobs,oatbran 10%,1.5,2025-03-14T00:00:00Z,2025-04-23T00:00:00Z,2025-05-11T00:00:00Z,2025-05-12T00:00:00Z,433,7,80,0.7,10000,10000,110,76,NA,59,-3.865031628541443,diff_8,1.030835089459151,8
17,1,2,2025-05-12T00:00:00Z,Control,corn cobs,oatbran 10%,1.5,2025-03-14T00:00:00Z,2025-04-23T00:00:00Z,2025-05-11T00:00:00Z,2025-05-12T00:00:00Z,433,7,80,0.7,10000,10000,110,76,NA,59,-3.865031628541443,diff_9,1.1290098598838316,9
18,1,2,2025-05-12T00:00:00Z,Control,corn cobs,oatbran 10%,1.5,2025-03-14T00:00:00Z,2025-04-23T00:00:00Z,2025-05-11T00:00:00Z,2025-05-12T00:00:00Z,433,7,80,0.7,10000,10000,110,76,NA,59,0.3946625771072178,diff_1,0.25329090769567686,1
18,1,2,2025-05-12T00:00:00Z,Control,corn cobs,oatbran 10%,1.5,2025-03-14T00:00:00Z,2025-04-23T00:00:00Z,2025-05-11T00:00:00Z,2025-05-12T00:00:00Z,433,7,80,0.7,10000,10000,110,76,NA,59,0.3946625771072178,diff_2,0.2886338250485625,2
18,1,2,2025-05-12T00:00:00Z,Control,corn cobs,oatbran 10%,1.5,2025-03-14T00:00:00Z,2025-04-23T00:00:00Z,2025-05-11T00:00:00Z,2025-05-12T00:00:00Z,433,7,80,0.7,10000,10000,110,76,NA,59,0.3946625771072178,diff_3,0.32397674240144747,3
18,1,2,2025-05-12T00:00:00Z,Control,corn cobs,oatbran 10%,1.5,2025-03-14T00:00:00Z,2025-04-23T00:00:00Z,2025-05-11T00:00:00Z,2025-05-12T00:00:00Z,433,7,80,0.7,10000,10000,110,76,NA,59,0.3946625771072178,diff_4,0.35931965975433267,4
18,1,2,2025-05-12T00:00:00Z,Control,corn cobs,oatbran 10%,1.5,2025-03-14T00:00:00Z,2025-04-23T00:00:00Z,2025-05-11T00:00:00Z,2025-05-12T00:00:00Z,433,7,80,0.7,10000,10000,110,76,NA,59,0.3946625771072178,diff_5,0.3946625771072174,5
18,1,2,2025-05-12T00:00:00Z,Control,corn cobs,oatbran 10%,1.5,2025-03-14T00:00:00Z,2025-04-23T00:00:00Z,2025-05-11T00:00:00Z,2025-05-12T00:00:00Z,433,7,80,0.7,10000,10000,110,76,NA,59,0.3946625771072178,diff_6,0.43000549446010305,6
18,1,2,2025-05-12T00:00:00Z,Control,corn cobs,oatbran 10%,1.5,2025-03-14T00:00:00Z,2025-04-23T00:00:00Z,2025-05-11T00:00:00Z,2025-05-12T00:00:00Z,433,7,80,0.7,10000,10000,110,76,NA,59,0.3946625771072178,diff_7,0.4653484118129878,7
18,1,2,2025-05-12T00:00:00Z,Control,corn cobs,oatbran 10%,1.5,2025-03-14T00:00:00Z,2025-04-23T00:00:00Z,2025-05-11T00:00:00Z,2025-05-12T00:00:00Z,433,7,80,0.7,10000,10000,110,76,NA,59,0.3946625771072178,diff_8,0.5006913291658743,8
18,1,2,2025-05-12T00:00:00Z,Control,corn cobs,oatbran 10%,1.5,2025-03-14T00:00:00Z,2025-04-23T00:00:00Z,2025-05-11T00:00:00Z,2025-05-12T00:00:00Z,433,7,80,0.7,10000,10000,110,76,NA,59,0.3946625771072178,diff_9,0.5360342465187582,9
19,2,2,2025-05-12T00:00:00Z,C.comatus,wood chips,oatbran 10%,1.5,2025-03-13T00:00:00Z,2025-04-23T00:00:00Z,2025-05-11T00:00:00Z,2025-05-12T00:00:00Z,433,7,80,0.7,10000,10000,110,76,NA,60,3.4871678454846706,diff_1,1.2252211349000195,1
19,2,2,2025-05-12T00:00:00Z,C.comatus,wood chips,oatbran 10%,1.5,2025-03-13T00:00:00Z,2025-04-23T00:00:00Z,2025-05-11T00:00:00Z,2025-05-12T00:00:00Z,433,7,80,0.7,10000,10000,110,76,NA,60,3.4871678454846706,diff_2,1.7907078125461826,2
19,2,2,2025-05-12T00:00:00Z,C.comatus,wood chips,oatbran 10%,1.5,2025-03-13T00:00:00Z,2025-04-23T00:00:00Z,2025-05-11T00:00:00Z,2025-05-12T00:00:00Z,433,7,80,0.7,10000,10000,110,76,NA,60,3.4871678454846706,diff_3,2.356194490192343,3
19,2,2,2025-05-12T00:00:00Z,C.comatus,wood chips,oatbran 10%,1.5,2025-03-13T00:00:00Z,2025-04-23T00:00:00Z,2025-05-11T00:00:00Z,2025-05-12T00:00:00Z,433,7,80,0.7,10000,10000,110,76,NA,60,3.4871678454846706,diff_4,2.921681167838507,4
19,2,2,2025-05-12T00:00:00Z,C.comatus,wood chips,oatbran 10%,1.5,2025-03-13T00:00:00Z,2025-04-23T00:00:00Z,2025-05-11T00:00:00Z,2025-05-12T00:00:00Z,433,7,80,0.7,10000,10000,110,76,NA,60,3.4871678454846706,diff_5,3.487167845484672,5
19,2,2,2025-05-12T00:00:00Z,C.comatus,wood chips,oatbran 10%,1.5,2025-03-13T00:00:00Z,2025-04-23T00:00:00Z,2025-05-11T00:00:00Z,2025-05-12T00:00:00Z,433,7,80,0.7,10000,10000,110,76,NA,60,3.4871678454846706,diff_6,4.05265452313083,6
19,2,2,2025-05-12T00:00:00Z,C.comatus,wood chips,oatbran 10%,1.5,2025-03-13T00:00:00Z,2025-04-23T00:00:00Z,2025-05-11T00:00:00Z,2025-05-12T00:00:00Z,433,7,80,0.7,10000,10000,110,76,NA,60,3.4871678454846706,diff_7,4.618141200777,7
19,2,2,2025-05-12T00:00:00Z,C.comatus,wood chips,oatbran 10%,1.5,2025-03-13T00:00:00Z,2025-04-23T00:00:00Z,2025-05-11T00:00:00Z,2025-05-12T00:00:00Z,433,7,80,0.7,10000,10000,110,76,NA,60,3.4871678454846706,diff_8,5.1836278784231595,8
19,2,2,2025-05-12T00:00:00Z,C.comatus,wood chips,oatbran 10%,1.5,2025-03-13T00:00:00Z,2025-04-23T00:00:00Z,2025-05-11T00:00:00Z,2025-05-12T00:00:00Z,433,7,80,0.7,10000,10000,110,76,NA,60,3.4871678454846706,diff_9,5.749114556069323,9
20,2,2,2025-05-12T00:00:00Z,C.comatus,wood chips,oatbran 10%,1.5,2025-03-13T00:00:00Z,2025-04-23T00:00:00Z,2025-05-11T00:00:00Z,2025-05-12T00:00:00Z,433,7,80,0.7,10000,10000,110,76,NA,60,0.5969026041820605,diff_1,0.3455751918948773,1
20,2,2,2025-05-12T00:00:00Z,C.comatus,wood chips,oatbran 10%,1.5,2025-03-13T00:00:00Z,2025-04-23T00:00:00Z,2025-05-11T00:00:00Z,2025-05-12T00:00:00Z,433,7,80,0.7,10000,10000,110,76,NA,60,0.5969026041820605,diff_2,0.4084070449666728,2
20,2,2,2025-05-12T00:00:00Z,C.comatus,wood chips,oatbran 10%,1.5,2025-03-13T00:00:00Z,2025-04-23T00:00:00Z,2025-05-11T00:00:00Z,2025-05-12T00:00:00Z,433,7,80,0.7,10000,10000,110,76,NA,60,0.5969026041820605,diff_3,0.4712388980384694,3
20,2,2,2025-05-12T00:00:00Z,C.comatus,wood chips,oatbran 10%,1.5,2025-03-13T00:00:00Z,2025-04-23T00:00:00Z,2025-05-11T00:00:00Z,2025-05-12T00:00:00Z,433,7,80,0.7,10000,10000,110,76,NA,60,0.5969026041820605,diff_4,0.5340707511102649,4
20,2,2,2025-05-12T00:00:00Z,C.comatus,wood chips,oatbran 10%,1.5,2025-03-13T00:00:00Z,2025-04-23T00:00:00Z,2025-05-11T00:00:00Z,2025-05-12T00:00:00Z,433,7,80,0.7,10000,10000,110,76,NA,60,0.5969026041820605,diff_5,0.5969026041820604,5
20,2,2,2025-05-12T00:00:00Z,C.comatus,wood chips,oatbran 10%,1.5,2025-03-13T00:00:00Z,2025-04-23T00:00:00Z,2025-05-11T00:00:00Z,2025-05-12T00:00:00Z,433,7,80,0.7,10000,10000,110,76,NA,60,0.5969026041820605,diff_6,0.6597344572538573,6
20,2,2,2025-05-12T00:00:00Z,C.comatus,wood chips,oatbran 10%,1.5,2025-03-13T00:00:00Z,2025-04-23T00:00:00Z,2025-05-11T00:00:00Z,2025-05-12T00:00:00Z,433,7,80,0.7,10000,10000,110,76,NA,60,0.5969026041820605,diff_7,0.7225663103256519,7
20,2,2,2025-05-12T00:00:00Z,C.comatus,wood chips,oatbran 10%,1.5,2025-03-13T00:00:00Z,2025-04-23T00:00:00Z,2025-05-11T00:00:00Z,2025-05-12T00:00:00Z,433,7,80,0.7,10000,10000,110,76,NA,60,0.5969026041820605,diff_8,0.7853981633974483,8
20,2,2,2025-05-12T00:00:00Z,C.comatus,wood chips,oatbran 10%,1.5,2025-03-13T00:00:00Z,2025-04-23T00:00:00Z,2025-05-11T00:00:00Z,2025-05-12T00:00:00Z,433,7,80,0.7,10000,10000,110,76,NA,60,0.5969026041820605,diff_9,0.8482300164692429,9
21,2,2,2025-05-12T00:00:00Z,C.comatus,wood chips,oatbran 10%,1.5,2025-03-13T00:00:00Z,2025-04-23T00:00:00Z,2025-05-11T00:00:00Z,2025-05-12T00:00:00Z,433,7,80,0.7,10000,10000,110,76,NA,60,4.821472058634336,diff_1,1.7592918860102844,1
21,2,2,2025-05-12T00:00:00Z,C.comatus,wood chips,oatbran 10%,1.5,2025-03-13T00:00:00Z,2025-04-23T00:00:00Z,2025-05-11T00:00:00Z,2025-05-12T00:00:00Z,433,7,80,0.7,10000,10000,110,76,NA,60,4.821472058634336,diff_2,2.764601535159018,2
21,2,2,2025-05-12T00:00:00Z,C.comatus,wood chips,oatbran 10%,1.5,2025-03-13T00:00:00Z,2025-04-23T00:00:00Z,2025-05-11T00:00:00Z,2025-05-12T00:00:00Z,433,7,80,0.7,10000,10000,110,76,NA,60,4.821472058634336,diff_3,3.76991118430775,3
21,2,2,2025-05-12T00:00:00Z,C.comatus,wood chips,oatbran 10%,1.5,2025-03-13T00:00:00Z,2025-04-23T00:00:00Z,2025-05-11T00:00:00Z,2025-05-12T00:00:00Z,433,7,80,0.7,10000,10000,110,76,NA,60,4.821472058634336,diff_4,4.775220833456487,4
21,2,2,2025-05-12T00:00:00Z,C.comatus,wood chips,oatbran 10%,1.5,2025-03-13T00:00:00Z,2025-04-23T00:00:00Z,2025-05-11T00:00:00Z,2025-05-12T00:00:00Z,433,7,80,0.7,10000,10000,110,76,NA,60,4.821472058634336,diff_5,5.78053048260522,5
21,2,2,2025-05-12T00:00:00Z,C.comatus,wood chips,oatbran 10%,1.5,2025-03-13T00:00:00Z,2025-04-23T00:00:00Z,2025-05-11T00:00:00Z,2025-05-12T00:00:00Z,433,7,80,0.7,10000,10000,110,76,NA,60,4.821472058634336,diff_6,6.785840131753954,6
21,2,2,2025-05-12T00:00:00Z,C.comatus,wood chips,oatbran 10%,1.5,2025-03-13T00:00:00Z,2025-04-23T00:00:00Z,2025-05-11T00:00:00Z,2025-05-12T00:00:00Z,433,7,80,0.7,10000,10000,110,76,NA,60,4.821472058634336,diff_7,7.791149780902678,7
21,2,2,2025-05-12T00:00:00Z,C.comatus,wood chips,oatbran 10%,1.5,2025-03-13T00:00:00Z,2025-04-23T00:00:00Z,2025-05-11T00:00:00Z,2025-05-12T00:00:00Z,433,7,80,0.7,10000,10000,110,76,NA,60,4.821472058634336,diff_8,8.796459430051435,8
21,2,2,2025-05-12T00:00:00Z,C.comatus,wood chips,oatbran 10%,1.5,2025-03-13T00:00:00Z,2025-04-23T00:00:00Z,2025-05-11T00:00:00Z,2025-05-12T00:00:00Z,433,7,80,0.7,10000,10000,110,76,NA,60,4.821472058634336,diff_9,1.17024326346219,9
22,3,2,2025-05-12T00:00:00Z,P.ostreatus v. Floridae,corn cobs,oatbran 10%,1.5,2025-03-14T00:00:00Z,2025-04-23T00:00:00Z,2025-05-11T00:00:00Z,2025-05-12T00:00:00Z,433,7,80,0.7,10000,10000,110,76,NA,59,0.22776546738526,diff_1,0.16493361431346432,1
22,3,2,2025-05-12T00:00:00Z,P.ostreatus v. Floridae,corn cobs,oatbran 10%,1.5,2025-03-14T00:00:00Z,2025-04-23T00:00:00Z,2025-05-11T00:00:00Z,2025-05-12T00:00:00Z,433,7,80,0.7,10000,10000,110,76,NA,59,0.22776546738526,diff_2,0.18064157758141297,2
22,3,2,2025-05-12T00:00:00Z,P.ostreatus v. Floridae,corn cobs,oatbran 10%,1.5,2025-03-14T00:00:00Z,2025-04-23T00:00:00Z,2025-05-11T00:00:00Z,2025-05-12T00:00:00Z,433,7,80,0.7,10000,10000,110,76,NA,59,0.22776546738526,diff_3,0.19634954084936207,3
22,3,2,2025-05-12T00:00:00Z,P.ostreatus v. Floridae,corn cobs,oatbran 10%,1.5,2025-03-14T00:00:00Z,2025-04-23T00:00:00Z,2025-05-11T00:00:00Z,2025-05-12T00:00:00Z,433,7,80,0.7,10000,10000,110,76,NA,59,0.22776546738526,diff_4,0.21205750411731072,4
22,3,2,2025-05-12T00:00:00Z,P.ostreatus v. Floridae,corn cobs,oatbran 10%,1.5,2025-03-14T00:00:00Z,2025-04-23T00:00:00Z,2025-05-11T00:00:00Z,2025-05-12T00:00:00Z,433,7,80,0.7,10000,10000,110,76,NA,59,0.22776546738526,diff_5,0.22776546738526027,5
22,3,2,2025-05-12T00:00:00Z,P.ostreatus v. Floridae,corn cobs,oatbran 10%,1.5,2025-03-14T00:00:00Z,2025-04-23T00:00:00Z,2025-05-11T00:00:00Z,2025-05-12T00:00:00Z,433,7,80,0.7,10000,10000,110,76,NA,59,0.22776546738526,diff_6,0.24347343065320914,6
22,3,2,2025-05-12T00:00:00Z,P.ostreatus v. Floridae,corn cobs,oatbran 10%,1.5,2025-03-14T00:00:00Z,2025-04-23T00:00:00Z,2025-05-11T00:00:00Z,2025-05-12T00:00:00Z,433,7,80,0.7,10000,10000,110,76,NA,59,0.22776546738526,diff_7,0.25918139392115735,7
22,3,2,2025-05-12T00:00:00Z,P.ostreatus v. Floridae,corn cobs,oatbran 10%,1.5,2025-03-14T00:00:00Z,2025-04-23T00:00:00Z,2025-05-11T00:00:00Z,2025-05-12T00:00:00Z,433,7,80,0.7,10000,10000,110,76,NA,59,0.22776546738526,diff_8,0.27488935718910756,8
22,3,2,2025-05-12T00:00:00Z,P.ostreatus v. Floridae,corn cobs,oatbran 10%,1.5,2025-03-14T00:00:00Z,2025-04-23T00:00:00Z,2025-05-11T00:00:00Z,2025-05-12T00:00:00Z,433,7,80,0.7,10000,10000,110,76,NA,59,0.22776546738526,diff_9,0.29059732045705555,9
23,3,2,2025-05-12T00:00:00Z,P.ostreatus v. Floridae,corn cobs,oatbran 10%,1.5,2025-03-14T00:00:00Z,2025-04-23T00:00:00Z,2025-05-11T00:00:00Z,2025-05-12T00:00:00Z,433,7,80,0.7,10000,10000,110,76,NA,59,3.0021844795867465,diff_1,1.1015209241649215,1
23,3,2,2025-05-12T00:00:00Z,P.ostreatus v. Floridae,corn cobs,oatbran 10%,1.5,2025-03-14T00:00:00Z,2025-04-23T00:00:00Z,2025-05-11T00:00:00Z,2025-05-12T00:00:00Z,433,7,80,0.7,10000,10000,110,76,NA,59,3.0021844795867465,diff_2,1.576686813020377,2
23,3,2,2025-05-12T00:00:00Z,P.ostreatus v. Floridae,corn cobs,oatbran 10%,1.5,2025-03-14T00:00:00Z,2025-04-23T00:00:00Z,2025-05-11T00:00:00Z,2025-05-12T00:00:00Z,433,7,80,0.7,10000,10000,110,76,NA,59,3.0021844795867465,diff_3,2.0518527018758337,3
23,3,2,2025-05-12T00:00:00Z,P.ostreatus v. Floridae,corn cobs,oatbran 10%,1.5,2025-03-14T00:00:00Z,2025-04-23T00:00:00Z,2025-05-11T00:00:00Z,2025-05-12T00:00:00Z,433,7,80,0.7,10000,10000,110,76,NA,59,3.0021844795867465,diff_4,2.5270185907312905,4
23,3,2,2025-05-12T00:00:00Z,P.ostreatus v. Floridae,corn cobs,oatbran 10%,1.5,2025-03-14T00:00:00Z,2025-04-23T00:00:00Z,2025-05-11T00:00:00Z,2025-05-12T00:00:00Z,433,7,80,0.7,10000,10000,110,76,NA,59,3.0021844795867465,diff_5,3.002184479586745,5
23,3,2,2025-05-12T00:00:00Z,P.ostreatus v. Floridae,corn cobs,oatbran 10%,1.5,2025-03-14T00:00:00Z,2025-04-23T00:00:00Z,2025-05-11T00:00:00Z,2025-05-12T00:00:00Z,433,7,80,0.7,10000,10000,110,76,NA,59,3.0021844795867465,diff_6,3.4773503684422007,6
23,3,2,2025-05-12T00:00:00Z,P.ostreatus v. Floridae,corn cobs,oatbran 10%,1.5,2025-03-14T00:00:00Z,2025-04-23T00:00:00Z,2025-05-11T00:00:00Z,2025-05-12T00:00:00Z,433,7,80,0.7,10000,10000,110,76,NA,59,3.0021844795867465,diff_7,3.952516257297658,7
23,3,2,2025-05-12T00:00:00Z,P.ostreatus v. Floridae,corn cobs,oatbran 10%,1.5,2025-03-14T00:00:00Z,2025-04-23T00:00:00Z,2025-05-11T00:00:00Z,2025-05-12T00:00:00Z,433,7,80,0.7,10000,10000,110,76,NA,59,3.0021844795867465,diff_8,4.427682146153121,8
23,3,2,2025-05-12T00:00:00Z,P.ostreatus v. Floridae,corn cobs,oatbran 10%,1.5,2025-03-14T00:00:00Z,2025-04-23T00:00:00Z,2025-05-11T00:00:00Z,2025-05-12T00:00:00Z,433,7,80,0.7,10000,10000,110,76,NA,59,3.0021844795867465,diff_9,4.902848035008571,9
24,3,2,2025-05-12T00:00:00Z,P.ostreatus v. Floridae,corn cobs,oatbran 10%,1.5,2025-03-14T00:00:00Z,2025-04-23T00:00:00Z,2025-05-11T00:00:00Z,2025-05-12T00:00:00Z,433,7,80,0.7,10000,10000,110,76,NA,59,1.7592918860102837,diff_1,0.7539822368615501,1
24,3,2,2025-05-12T00:00:00Z,P.ostreatus v. Floridae,corn cobs,oatbran 10%,1.5,2025-03-14T00:00:00Z,2025-04-23T00:00:00Z,2025-05-11T00:00:00Z,2025-05-12T00:00:00Z,433,7,80,0.7,10000,10000,110,76,NA,59,1.7592918860102837,diff_2,1.0053096491487343,2
24,3,2,2025-05-12T00:00:00Z,P.ostreatus v. Floridae,corn cobs,oatbran 10%,1.5,2025-03-14T00:00:00Z,2025-04-23T00:00:00Z,2025-05-11T00:00:00Z,2025-05-12T00:00:00Z,433,7,80,0.7,10000,10000,110,76,NA,59,1.7592918860102837,diff_3,1.2566370614359177,3
24,3,2,2025-05-12T00:00:00Z,P.ostreatus v. Floridae,corn cobs,oatbran 10%,1.5,2025-03-14T00:00:00Z,2025-04-23T00:00:00Z,2025-05-11T00:00:00Z,2025-05-12T00:00:00Z,433,7,80,0.7,10000,10000,110,76,NA,59,1.7592918860102837,diff_4,1.5079644737231002,4
24,3,2,2025-05-12T00:00:00Z,P.ostreatus v. Floridae,corn cobs,oatbran 10%,1.5,2025-03-14T00:00:00Z,2025-04-23T00:00:00Z,2025-05-11T00:00:00Z,2025-05-12T00:00:00Z,433,7,80,0.7,10000,10000,110,76,NA,59,1.7592918860102837,diff_5,1.759291886010284,5
24,3,2,2025-05-12T00:00:00Z,P.ostreatus v. Floridae,corn cobs,oatbran 10%,1.5,2025-03-14T00:00:00Z,2025-04-23T00:00:00Z,2025-05-11T00:00:00Z,2025-05-12T00:00:00Z,433,7,80,0.7,10000,10000,110,76,NA,59,1.7592918860102837,diff_6,2.010619298297466,6
24,3,2,2025-05-12T00:00:00Z,P.ostreatus v. Floridae,corn cobs,oatbran 10%,1.5,2025-03-14T00:00:00Z,2025-04-23T00:00:00Z,2025-05-11T00:00:00Z,2025-05-12T00:00:00Z,433,7,80,0.7,10000,10000,110,76,NA,59,1.7592918860102837,diff_7,2.2619467105846525,7
24,3,2,2025-05-12T00:00:00Z,P.ostreatus v. Floridae,corn cobs,oatbran 10%,1.5,2025-03-14T00:00:00Z,2025-04-23T00:00:00Z,2025-05-11T00:00:00Z,2025-05-12T00:00:00Z,433,7,80,0.7,10000,10000,110,76,NA,59,1.7592918860102837,diff_8,2.5132741228718345,8
24,3,2,2025-05-12T00:00:00Z,P.ostreatus v. Floridae,corn cobs,oatbran 10%,1.5,2025-03-14T00:00:00Z,2025-04-23T00:00:00Z,2025-05-11T00:00:00Z,2025-05-12T00:00:00Z,433,7,80,0.7,10000,10000,110,76,NA,59,1.7592918860102837,diff_9,2.7646015351590147,9
25,4,2,2025-05-12T00:00:00Z,faecal isolate 1,wood chips,oatbran 2%,1.5,2025-03-14T00:00:00Z,2025-03-31T00:00:00Z,2025-05-11T00:00:00Z,2025-05-12T00:00:00Z,433,7,80,0.7,10000,10000,110,76,NA,59,4.821472058634336,diff_1,2.04988920646734,1
25,4,2,2025-05-12T00:00:00Z,faecal isolate 1,wood chips,oatbran 2%,1.5,2025-03-14T00:00:00Z,2025-03-31T00:00:00Z,2025-05-11T00:00:00Z,2025-05-12T00:00:00Z,433,7,80,0.7,10000,10000,110,76,NA,59,4.821472058634336,diff_2,3.322234231171205,2
25,4,2,2025-05-12T00:00:00Z,faecal isolate 1,wood chips,oatbran 2%,1.5,2025-03-14T00:00:00Z,2025-03-31T00:00:00Z,2025-05-11T00:00:00Z,2025-05-12T00:00:00Z,433,7,80,0.7,10000,10000,110,76,NA,59,4.821472058634336,diff_3,4.594579255875075,3
25,4,2,2025-05-12T00:00:00Z,faecal isolate 1,wood chips,oatbran 2%,1.5,2025-03-14T00:00:00Z,2025-03-31T00:00:00Z,2025-05-11T00:00:00Z,2025-05-12T00:00:00Z,433,7,80,0.7,10000,10000,110,76,NA,59,4.821472058634336,diff_4,5.8669242805789334,4
25,4,2,2025-05-12T00:00:00Z,faecal isolate 1,wood chips,oatbran 2%,1.5,2025-03-14T00:00:00Z,2025-03-31T00:00:00Z,2025-05-11T00:00:00Z,2025-05-12T00:00:00Z,433,7,80,0.7,10000,10000,110,76,NA,59,4.821472058634336,diff_5,7.139269305282809,5
25,4,2,2025-05-12T00:00:00Z,faecal isolate 1,wood chips,oatbran 2%,1.5,2025-03-14T00:00:00Z,2025-03-31T00:00:00Z,2025-05-11T00:00:00Z,2025-05-12T00:00:00Z,433,7,80,0.7,10000,10000,110,76,NA,59,4.821472058634336,diff_6,8.411614329986673,6
25,4,2,2025-05-12T00:00:00Z,faecal isolate 1,wood chips,oatbran 2%,1.5,2025-03-14T00:00:00Z,2025-03-31T00:00:00Z,2025-05-11T00:00:00Z,2025-05-12T00:00:00Z,433,7,80,0.7,10000,10000,110,76,NA,59,4.821472058634336,diff_7,9.683959354690536,7
25,4,2,2025-05-12T00:00:00Z,faecal isolate 1,wood chips,oatbran 2%,1.5,2025-03-14T00:00:00Z,2025-03-31T00:00:00Z,2025-05-11T00:00:00Z,2025-05-12T00:00:00Z,433,7,80,0.7,10000,10000,110,76,NA,59,4.821472058634336,diff_8,2.3247785636564444,8
25,4,2,2025-05-12T00:00:00Z,faecal isolate 1,wood chips,oatbran 2%,1.5,2025-03-14T00:00:00Z,2025-03-31T00:00:00Z,2025-05-11T00:00:00Z,2025-05-12T00:00:00Z,433,7,80,0.7,10000,10000,110,76,NA,59,4.821472058634336,diff_9,0,9
26,4,2,2025-05-12T00:00:00Z,faecal isolate 1,wood chips,oatbran 2%,1.5,2025-03-14T00:00:00Z,2025-03-31T00:00:00Z,2025-05-11T00:00:00Z,2025-05-12T00:00:00Z,433,7,80,0.7,10000,10000,110,76,NA,59,1.1074114103904023,diff_1,0.5419247327442394,1
26,4,2,2025-05-12T00:00:00Z,faecal isolate 1,wood chips,oatbran 2%,1.5,2025-03-14T00:00:00Z,2025-03-31T00:00:00Z,2025-05-11T00:00:00Z,2025-05-12T00:00:00Z,433,7,80,0.7,10000,10000,110,76,NA,59,1.1074114103904023,diff_2,0.6832964021557801,2
26,4,2,2025-05-12T00:00:00Z,faecal isolate 1,wood chips,oatbran 2%,1.5,2025-03-14T00:00:00Z,2025-03-31T00:00:00Z,2025-05-11T00:00:00Z,2025-05-12T00:00:00Z,433,7,80,0.7,10000,10000,110,76,NA,59,1.1074114103904023,diff_3,0.8246680715673205,3
26,4,2,2025-05-12T00:00:00Z,faecal isolate 1,wood chips,oatbran 2%,1.5,2025-03-14T00:00:00Z,2025-03-31T00:00:00Z,2025-05-11T00:00:00Z,2025-05-12T00:00:00Z,433,7,80,0.7,10000,10000,110,76,NA,59,1.1074114103904023,diff_4,0.9660397409788621,4
26,4,2,2025-05-12T00:00:00Z,faecal isolate 1,wood chips,oatbran 2%,1.5,2025-03-14T00:00:00Z,2025-03-31T00:00:00Z,2025-05-11T00:00:00Z,2025-05-12T00:00:00Z,433,7,80,0.7,10000,10000,110,76,NA,59,1.1074114103904023,diff_5,1.1074114103904016,5
26,4,2,2025-05-12T00:00:00Z,faecal isolate 1,wood chips,oatbran 2%,1.5,2025-03-14T00:00:00Z,2025-03-31T00:00:00Z,2025-05-11T00:00:00Z,2025-05-12T00:00:00Z,433,7,80,0.7,10000,10000,110,76,NA,59,1.1074114103904023,diff_6,1.2487830798019415,6
26,4,2,2025-05-12T00:00:00Z,faecal isolate 1,wood chips,oatbran 2%,1.5,2025-03-14T00:00:00Z,2025-03-31T00:00:00Z,2025-05-11T00:00:00Z,2025-05-12T00:00:00Z,433,7,80,0.7,10000,10000,110,76,NA,59,1.1074114103904023,diff_7,1.3901547492134858,7
26,4,2,2025-05-12T00:00:00Z,faecal isolate 1,wood chips,oatbran 2%,1.5,2025-03-14T00:00:00Z,2025-03-31T00:00:00Z,2025-05-11T00:00:00Z,2025-05-12T00:00:00Z,433,7,80,0.7,10000,10000,110,76,NA,59,1.1074114103904023,diff_8,1.5315264186250213,8
26,4,2,2025-05-12T00:00:00Z,faecal isolate 1,wood chips,oatbran 2%,1.5,2025-03-14T00:00:00Z,2025-03-31T00:00:00Z,2025-05-11T00:00:00Z,2025-05-12T00:00:00Z,433,7,80,0.7,10000,10000,110,76,NA,59,1.1074114103904023,diff_9,1.6728980880365683,9
27,4,2,2025-05-12T00:00:00Z,faecal isolate 1,wood chips,oatbran 2%,1.5,2025-03-14T00:00:00Z,2025-03-31T00:00:00Z,2025-05-11T00:00:00Z,2025-05-12T00:00:00Z,433,7,80,0.7,10000,10000,110,76,NA,59,4.563163329339175,diff_1,1.4844025288211768,1
27,4,2,2025-05-12T00:00:00Z,faecal isolate 1,wood chips,oatbran 2%,1.5,2025-03-14T00:00:00Z,2025-03-31T00:00:00Z,2025-05-11T00:00:00Z,2025-05-12T00:00:00Z,433,7,80,0.7,10000,10000,110,76,NA,59,4.563163329339175,diff_2,2.254092728950677,2
27,4,2,2025-05-12T00:00:00Z,faecal isolate 1,wood chips,oatbran 2%,1.5,2025-03-14T00:00:00Z,2025-03-31T00:00:00Z,2025-05-11T00:00:00Z,2025-05-12T00:00:00Z,433,7,80,0.7,10000,10000,110,76,NA,59,4.563163329339175,diff_3,3.023782929080177,3
27,4,2,2025-05-12T00:00:00Z,faecal isolate 1,wood chips,oatbran 2%,1.5,2025-03-14T00:00:00Z,2025-03-31T00:00:00Z,2025-05-11T00:00:00Z,2025-05-12T00:00:00Z,433,7,80,0.7,10000,10000,110,76,NA,59,4.563163329339175,diff_4,3.7934731292096737,4
27,4,2,2025-05-12T00:00:00Z,faecal isolate 1,wood chips,oatbran 2%,1.5,2025-03-14T00:00:00Z,2025-03-31T00:00:00Z,2025-05-11T00:00:00Z,2025-05-12T00:00:00Z,433,7,80,0.7,10000,10000,110,76,NA,59,4.563163329339175,diff_5,4.563163329339174,5
27,4,2,2025-05-12T00:00:00Z,faecal isolate 1,wood chips,oatbran 2%,1.5,2025-03-14T00:00:00Z,2025-03-31T00:00:00Z,2025-05-11T00:00:00Z,2025-05-12T00:00:00Z,433,7,80,0.7,10000,10000,110,76,NA,59,4.563163329339175,diff_6,5.332853529468675,6
27,4,2,2025-05-12T00:00:00Z,faecal isolate 1,wood chips,oatbran 2%,1.5,2025-03-14T00:00:00Z,2025-03-31T00:00:00Z,2025-05-11T00:00:00Z,2025-05-12T00:00:00Z,433,7,80,0.7,10000,10000,110,76,NA,59,4.563163329339175,diff_7,6.102543729598175,7
27,4,2,2025-05-12T00:00:00Z,faecal isolate 1,wood chips,oatbran 2%,1.5,2025-03-14T00:00:00Z,2025-03-31T00:00:00Z,2025-05-11T00:00:00Z,2025-05-12T00:00:00Z,433,7,80,0.7,10000,10000,110,76,NA,59,4.563163329339175,diff_8,6.872233929727663,8
27,4,2,2025-05-12T00:00:00Z,faecal isolate 1,wood chips,oatbran 2%,1.5,2025-03-14T00:00:00Z,2025-03-31T00:00:00Z,2025-05-11T00:00:00Z,2025-05-12T00:00:00Z,433,7,80,0.7,10000,10000,110,76,NA,59,4.563163329339175,diff_9,7.6419241298571805,9
28,5,2,2025-05-12T00:00:00Z,P.ostreatus v. Floridae,wood chips,oatbran 10%,1.5,2025-03-14T00:00:00Z,2025-04-17T00:00:00Z,2025-05-11T00:00:00Z,2025-05-12T00:00:00Z,433,7,80,0.7,10000,10000,110,76,NA,59,0.8344855486097889,diff_1,0.4417864669110647,1
28,5,2,2025-05-12T00:00:00Z,P.ostreatus v. Floridae,wood chips,oatbran 10%,1.5,2025-03-14T00:00:00Z,2025-04-17T00:00:00Z,2025-05-11T00:00:00Z,2025-05-12T00:00:00Z,433,7,80,0.7,10000,10000,110,76,NA,59,0.8344855486097889,diff_2,0.5399612373357456,2
28,5,2,2025-05-12T00:00:00Z,P.ostreatus v. Floridae,wood chips,oatbran 10%,1.5,2025-03-14T00:00:00Z,2025-04-17T00:00:00Z,2025-05-11T00:00:00Z,2025-05-12T00:00:00Z,433,7,80,0.7,10000,10000,110,76,NA,59,0.8344855486097889,diff_3,0.6381360077604266,3
28,5,2,2025-05-12T00:00:00Z,P.ostreatus v. Floridae,wood chips,oatbran 10%,1.5,2025-03-14T00:00:00Z,2025-04-17T00:00:00Z,2025-05-11T00:00:00Z,2025-05-12T00:00:00Z,433,7,80,0.7,10000,10000,110,76,NA,59,0.8344855486097889,diff_4,0.7363107781851079,4
28,5,2,2025-05-12T00:00:00Z,P.ostreatus v. Floridae,wood chips,oatbran 10%,1.5,2025-03-14T00:00:00Z,2025-04-17T00:00:00Z,2025-05-11T00:00:00Z,2025-05-12T00:00:00Z,433,7,80,0.7,10000,10000,110,76,NA,59,0.8344855486097889,diff_5,0.8344855486097886,5
28,5,2,2025-05-12T00:00:00Z,P.ostreatus v. Floridae,wood chips,oatbran 10%,1.5,2025-03-14T00:00:00Z,2025-04-17T00:00:00Z,2025-05-11T00:00:00Z,2025-05-12T00:00:00Z,433,7,80,0.7,10000,10000,110,76,NA,59,0.8344855486097889,diff_6,0.9326603190344702,6
28,5,2,2025-05-12T00:00:00Z,P.ostreatus v. Floridae,wood chips,oatbran 10%,1.5,2025-03-14T00:00:00Z,2025-04-17T00:00:00Z,2025-05-11T00:00:00Z,2025-05-12T00:00:00Z,433,7,80,0.7,10000,10000,110,76,NA,59,0.8344855486097889,diff_7,1.030835089459151,7
28,5,2,2025-05-12T00:00:00Z,P.ostreatus v. Floridae,wood chips,oatbran 10%,1.5,2025-03-14T00:00:00Z,2025-04-17T00:00:00Z,2025-05-11T00:00:00Z,2025-05-12T00:00:00Z,433,7,80,0.7,10000,10000,110,76,NA,59,0.8344855486097889,diff_8,1.1290098598838316,8
28,5,2,2025-05-12T00:00:00Z,P.ostreatus v. Floridae,wood chips,oatbran 10%,1.5,2025-03-14T00:00:00Z,2025-04-17T00:00:00Z,2025-05-11T00:00:00Z,2025-05-12T00:00:00Z,433,7,80,0.7,10000,10000,110,76,NA,59,0.8344855486097889,diff_9,1.2271846303085132,9
29,5,2,2025-05-12T00:00:00Z,P.ostreatus v. Floridae,wood chips,oatbran 10%,1.5,2025-03-14T00:00:00Z,2025-04-17T00:00:00Z,2025-05-11T00:00:00Z,2025-05-12T00:00:00Z,433,7,80,0.7,10000,10000,110,76,NA,59,0.3946625771072178,diff_1,0.25329090769567686,1
29,5,2,2025-05-12T00:00:00Z,P.ostreatus v. Floridae,wood chips,oatbran 10%,1.5,2025-03-14T00:00:00Z,2025-04-17T00:00:00Z,2025-05-11T00:00:00Z,2025-05-12T00:00:00Z,433,7,80,0.7,10000,10000,110,76,NA,59,0.3946625771072178,diff_2,0.2886338250485625,2
29,5,2,2025-05-12T00:00:00Z,P.ostreatus v. Floridae,wood chips,oatbran 10%,1.5,2025-03-14T00:00:00Z,2025-04-17T00:00:00Z,2025-05-11T00:00:00Z,2025-05-12T00:00:00Z,433,7,80,0.7,10000,10000,110,76,NA,59,0.3946625771072178,diff_3,0.32397674240144747,3
29,5,2,2025-05-12T00:00:00Z,P.ostreatus v. Floridae,wood chips,oatbran 10%,1.5,2025-03-14T00:00:00Z,2025-04-17T00:00:00Z,2025-05-11T00:00:00Z,2025-05-12T00:00:00Z,433,7,80,0.7,10000,10000,110,76,NA,59,0.3946625771072178,diff_4,0.35931965975433267,4
29,5,2,2025-05-12T00:00:00Z,P.ostreatus v. Floridae,wood chips,oatbran 10%,1.5,2025-03-14T00:00:00Z,2025-04-17T00:00:00Z,2025-05-11T00:00:00Z,2025-05-12T00:00:00Z,433,7,80,0.7,10000,10000,110,76,NA,59,0.3946625771072178,diff_5,0.3946625771072174,5
29,5,2,2025-05-12T00:00:00Z,P.ostreatus v. Floridae,wood chips,oatbran 10%,1.5,2025-03-14T00:00:00Z,2025-04-17T00:00:00Z,2025-05-11T00:00:00Z,2025-05-12T00:00:00Z,433,7,80,0.7,10000,10000,110,76,NA,59,0.3946625771072178,diff_6,0.43000549446010305,6
29,5,2,2025-05-12T00:00:00Z,P.ostreatus v. Floridae,wood chips,oatbran 10%,1.5,2025-03-14T00:00:00Z,2025-04-17T00:00:00Z,2025-05-11T00:00:00Z,2025-05-12T00:00:00Z,433,7,80,0.7,10000,10000,110,76,NA,59,0.3946625771072178,diff_7,0.4653484118129878,7
29,5,2,2025-05-12T00:00:00Z,P.ostreatus v. Floridae,wood chips,oatbran 10%,1.5,2025-03-14T00:00:00Z,2025-04-17T00:00:00Z,2025-05-11T00:00:00Z,2025-05-12T00:00:00Z,433,7,80,0.7,10000,10000,110,76,NA,59,0.3946625771072178,diff_8,0.5006913291658743,8
29,5,2,2025-05-12T00:00:00Z,P.ostreatus v. Floridae,wood chips,oatbran 10%,1.5,2025-03-14T00:00:00Z,2025-04-17T00:00:00Z,2025-05-11T00:00:00Z,2025-05-12T00:00:00Z,433,7,80,0.7,10000,10000,110,76,NA,59,0.3946625771072178,diff_9,0.5360342465187582,9
30,5,2,2025-05-12T00:00:00Z,P.ostreatus v. Floridae,wood chips,oatbran 10%,1.5,2025-03-14T00:00:00Z,2025-04-17T00:00:00Z,2025-05-11T00:00:00Z,2025-05-12T00:00:00Z,433,7,80,0.7,10000,10000,110,76,NA,59,3.4871678454846706,diff_1,1.2252211349000195,1
30,5,2,2025-05-12T00:00:00Z,P.ostreatus v. Floridae,wood chips,oatbran 10%,1.5,2025-03-14T00:00:00Z,2025-04-17T00:00:00Z,2025-05-11T00:00:00Z,2025-05-12T00:00:00Z,433,7,80,0.7,10000,10000,110,76,NA,59,3.4871678454846706,diff_2,1.7907078125461826,2
30,5,2,2025-05-12T00:00:00Z,P.ostreatus v. Floridae,wood chips,oatbran 10%,1.5,2025-03-14T00:00:00Z,2025-04-17T00:00:00Z,2025-05-11T00:00:00Z,2025-05-12T00:00:00Z,433,7,80,0.7,10000,10000,110,76,NA,59,3.4871678454846706,diff_3,2.356194490192343,3
30,5,2,2025-05-12T00:00:00Z,P.ostreatus v. Floridae,wood chips,oatbran 10%,1.5,2025-03-14T00:00:00Z,2025-04-17T00:00:00Z,2025-05-11T00:00:00Z,2025-05-12T00:00:00Z,433,7,80,0.7,10000,10000,110,76,NA,59,3.4871678454846706,diff_4,2.921681167838507,4
30,5,2,2025-05-12T00:00:00Z,P.ostreatus v. Floridae,wood chips,oatbran 10%,1.5,2025-03-14T00:00:00Z,2025-04-17T00:00:00Z,2025-05-11T00:00:00Z,2025-05-12T00:00:00Z,433,7,80,0.7,10000,10000,110,76,NA,59,3.4871678454846706,diff_5,3.487167845484672,5
30,5,2,2025-05-12T00:00:00Z,P.ostreatus v. Floridae,wood chips,oatbran 10%,1.5,2025-03-14T00:00:00Z,2025-04-17T00:00:00Z,2025-05-11T00:00:00Z,2025-05-12T00:00:00Z,433,7,80,0.7,10000,10000,110,76,NA,59,3.4871678454846706,diff_6,4.05265452313083,6
30,5,2,2025-05-12T00:00:00Z,P.ostreatus v. Floridae,wood chips,oatbran 10%,1.5,2025-03-14T00:00:00Z,2025-04-17T00:00:00Z,2025-05-11T00:00:00Z,2025-05-12T00:00:00Z,433,7,80,0.7,10000,10000,110,76,NA,59,3.4871678454846706,diff_7,4.618141200777,7
30,5,2,2025-05-12T00:00:00Z,P.ostreatus v. Floridae,wood chips,oatbran 10%,1.5,2025-03-14T00:00:00Z,2025-04-17T00:00:00Z,2025-05-11T00:00:00Z,2025-05-12T00:00:00Z,433,7,80,0.7,10000,10000,110,76,NA,59,3.4871678454846706,diff_8,5.1836278784231595,8
30,5,2,2025-05-12T00:00:00Z,P.ostreatus v. Floridae,wood chips,oatbran 10%,1.5,2025-03-14T00:00:00Z,2025-04-17T00:00:00Z,2025-05-11T00:00:00Z,2025-05-12T00:00:00Z,433,7,80,0.7,10000,10000,110,76,NA,59,3.4871678454846706,diff_9,5.749114556069323,9
31,1,3,2025-05-19T00:00:00Z,Control,corn cobs,oatbran 10%,1.5,2025-03-14T00:00:00Z,2025-04-23T00:00:00Z,2025-05-18T00:00:00Z,2025-05-19T00:00:00Z,489,7,80,0.54,10000,10000,144,83,NA,66,0.5969026041820605,diff_1,0.3455751918948773,1
31,1,3,2025-05-19T00:00:00Z,Control,corn cobs,oatbran 10%,1.5,2025-03-14T00:00:00Z,2025-04-23T00:00:00Z,2025-05-18T00:00:00Z,2025-05-19T00:00:00Z,489,7,80,0.54,10000,10000,144,83,NA,66,0.5969026041820605,diff_2,0.4084070449666728,2
31,1,3,2025-05-19T00:00:00Z,Control,corn cobs,oatbran 10%,1.5,2025-03-14T00:00:00Z,2025-04-23T00:00:00Z,2025-05-18T00:00:00Z,2025-05-19T00:00:00Z,489,7,80,0.54,10000,10000,144,83,NA,66,0.5969026041820605,diff_3,0.4712388980384694,3
31,1,3,2025-05-19T00:00:00Z,Control,corn cobs,oatbran 10%,1.5,2025-03-14T00:00:00Z,2025-04-23T00:00:00Z,2025-05-18T00:00:00Z,2025-05-19T00:00:00Z,489,7,80,0.54,10000,10000,144,83,NA,66,0.5969026041820605,diff_4,0.5340707511102649,4
31,1,3,2025-05-19T00:00:00Z,Control,corn cobs,oatbran 10%,1.5,2025-03-14T00:00:00Z,2025-04-23T00:00:00Z,2025-05-18T00:00:00Z,2025-05-19T00:00:00Z,489,7,80,0.54,10000,10000,144,83,NA,66,0.5969026041820605,diff_5,0.5969026041820604,5
31,1,3,2025-05-19T00:00:00Z,Control,corn cobs,oatbran 10%,1.5,2025-03-14T00:00:00Z,2025-04-23T00:00:00Z,2025-05-18T00:00:00Z,2025-05-19T00:00:00Z,489,7,80,0.54,10000,10000,144,83,NA,66,0.5969026041820605,diff_6,0.6597344572538573,6
31,1,3,2025-05-19T00:00:00Z,Control,corn cobs,oatbran 10%,1.5,2025-03-14T00:00:00Z,2025-04-23T00:00:00Z,2025-05-18T00:00:00Z,2025-05-19T00:00:00Z,489,7,80,0.54,10000,10000,144,83,NA,66,0.5969026041820605,diff_7,0.7225663103256519,7
31,1,3,2025-05-19T00:00:00Z,Control,corn cobs,oatbran 10%,1.5,2025-03-14T00:00:00Z,2025-04-23T00:00:00Z,2025-05-18T00:00:00Z,2025-05-19T00:00:00Z,489,7,80,0.54,10000,10000,144,83,NA,66,0.5969026041820605,diff_8,0.7853981633974483,8
31,1,3,2025-05-19T00:00:00Z,Control,corn cobs,oatbran 10%,1.5,2025-03-14T00:00:00Z,2025-04-23T00:00:00Z,2025-05-18T00:00:00Z,2025-05-19T00:00:00Z,489,7,80,0.54,10000,10000,144,83,NA,66,0.5969026041820605,diff_9,0.8482300164692429,9
32,1,3,2025-05-19T00:00:00Z,Control,corn cobs,oatbran 10%,1.5,2025-03-14T00:00:00Z,2025-04-23T00:00:00Z,2025-05-18T00:00:00Z,2025-05-19T00:00:00Z,489,7,80,0.54,10000,10000,144,83,NA,66,4.821472058634336,diff_1,1.7592918860102844,1
32,1,3,2025-05-19T00:00:00Z,Control,corn cobs,oatbran 10%,1.5,2025-03-14T00:00:00Z,2025-04-23T00:00:00Z,2025-05-18T00:00:00Z,2025-05-19T00:00:00Z,489,7,80,0.54,10000,10000,144,83,NA,66,4.821472058634336,diff_2,2.764601535159018,2
32,1,3,2025-05-19T00:00:00Z,Control,corn cobs,oatbran 10%,1.5,2025-03-14T00:00:00Z,2025-04-23T00:00:00Z,2025-05-18T00:00:00Z,2025-05-19T00:00:00Z,489,7,80,0.54,10000,10000,144,83,NA,66,4.821472058634336,diff_3,3.76991118430775,3
32,1,3,2025-05-19T00:00:00Z,Control,corn cobs,oatbran 10%,1.5,2025-03-14T00:00:00Z,2025-04-23T00:00:00Z,2025-05-18T00:00:00Z,2025-05-19T00:00:00Z,489,7,80,0.54,10000,10000,144,83,NA,66,4.821472058634336,diff_4,4.775220833456487,4
32,1,3,2025-05-19T00:00:00Z,Control,corn cobs,oatbran 10%,1.5,2025-03-14T00:00:00Z,2025-04-23T00:00:00Z,2025-05-18T00:00:00Z,2025-05-19T00:00:00Z,489,7,80,0.54,10000,10000,144,83,NA,66,4.821472058634336,diff_5,5.78053048260522,5
32,1,3,2025-05-19T00:00:00Z,Control,corn cobs,oatbran 10%,1.5,2025-03-14T00:00:00Z,2025-04-23T00:00:00Z,2025-05-18T00:00:00Z,2025-05-19T00:00:00Z,489,7,80,0.54,10000,10000,144,83,NA,66,4.821472058634336,diff_6,6.785840131753954,6
32,1,3,2025-05-19T00:00:00Z,Control,corn cobs,oatbran 10%,1.5,2025-03-14T00:00:00Z,2025-04-23T00:00:00Z,2025-05-18T00:00:00Z,2025-05-19T00:00:00Z,489,7,80,0.54,10000,10000,144,83,NA,66,4.821472058634336,diff_7,7.791149780902678,7
32,1,3,2025-05-19T00:00:00Z,Control,corn cobs,oatbran 10%,1.5,2025-03-14T00:00:00Z,2025-04-23T00:00:00Z,2025-05-18T00:00:00Z,2025-05-19T00:00:00Z,489,7,80,0.54,10000,10000,144,83,NA,66,4.821472058634336,diff_8,8.796459430051435,8
32,1,3,2025-05-19T00:00:00Z,Control,corn cobs,oatbran 10%,1.5,2025-03-14T00:00:00Z,2025-04-23T00:00:00Z,2025-05-18T00:00:00Z,2025-05-19T00:00:00Z,489,7,80,0.54,10000,10000,144,83,NA,66,4.821472058634336,diff_9,1.17024326346219,9
33,1,3,2025-05-19T00:00:00Z,Control,corn cobs,oatbran 10%,1.5,2025-03-14T00:00:00Z,2025-04-23T00:00:00Z,2025-05-18T00:00:00Z,2025-05-19T00:00:00Z,489,7,80,0.54,10000,10000,144,83,NA,66,0.22776546738526,diff_1,0.16493361431346432,1
33,1,3,2025-05-19T00:00:00Z,Control,corn cobs,oatbran 10%,1.5,2025-03-14T00:00:00Z,2025-04-23T00:00:00Z,2025-05-18T00:00:00Z,2025-05-19T00:00:00Z,489,7,80,0.54,10000,10000,144,83,NA,66,0.22776546738526,diff_2,0.18064157758141297,2
33,1,3,2025-05-19T00:00:00Z,Control,corn cobs,oatbran 10%,1.5,2025-03-14T00:00:00Z,2025-04-23T00:00:00Z,2025-05-18T00:00:00Z,2025-05-19T00:00:00Z,489,7,80,0.54,10000,10000,144,83,NA,66,0.22776546738526,diff_3,0.19634954084936207,3
33,1,3,2025-05-19T00:00:00Z,Control,corn cobs,oatbran 10%,1.5,2025-03-14T00:00:00Z,2025-04-23T00:00:00Z,2025-05-18T00:00:00Z,2025-05-19T00:00:00Z,489,7,80,0.54,10000,10000,144,83,NA,66,0.22776546738526,diff_4,0.21205750411731072,4
33,1,3,2025-05-19T00:00:00Z,Control,corn cobs,oatbran 10%,1.5,2025-03-14T00:00:00Z,2025-04-23T00:00:00Z,2025-05-18T00:00:00Z,2025-05-19T00:00:00Z,489,7,80,0.54,10000,10000,144,83,NA,66,0.22776546738526,diff_5,0.22776546738526027,5
33,1,3,2025-05-19T00:00:00Z,Control,corn cobs,oatbran 10%,1.5,2025-03-14T00:00:00Z,2025-04-23T00:00:00Z,2025-05-18T00:00:00Z,2025-05-19T00:00:00Z,489,7,80,0.54,10000,10000,144,83,NA,66,0.22776546738526,diff_6,0.24347343065320914,6
33,1,3,2025-05-19T00:00:00Z,Control,corn cobs,oatbran 10%,1.5,2025-03-14T00:00:00Z,2025-04-23T00:00:00Z,2025-05-18T00:00:00Z,2025-05-19T00:00:00Z,489,7,80,0.54,10000,10000,144,83,NA,66,0.22776546738526,diff_7,0.25918139392115735,7
33,1,3,2025-05-19T00:00:00Z,Control,corn cobs,oatbran 10%,1.5,2025-03-14T00:00:00Z,2025-04-23T00:00:00Z,2025-05-18T00:00:00Z,2025-05-19T00:00:00Z,489,7,80,0.54,10000,10000,144,83,NA,66,0.22776546738526,diff_8,0.27488935718910756,8
33,1,3,2025-05-19T00:00:00Z,Control,corn cobs,oatbran 10%,1.5,2025-03-14T00:00:00Z,2025-04-23T00:00:00Z,2025-05-18T00:00:00Z,2025-05-19T00:00:00Z,489,7,80,0.54,10000,10000,144,83,NA,66,0.22776546738526,diff_9,0.29059732045705555,9
34,2,3,2025-05-19T00:00:00Z,C.comatus,wood chips,oatbran 10%,1.5,2025-03-13T00:00:00Z,2025-04-23T00:00:00Z,2025-05-18T00:00:00Z,2025-05-19T00:00:00Z,489,7,80,0.54,10000,10000,144,83,NA,67,3.0021844795867465,diff_1,1.1015209241649215,1
34,2,3,2025-05-19T00:00:00Z,C.comatus,wood chips,oatbran 10%,1.5,2025-03-13T00:00:00Z,2025-04-23T00:00:00Z,2025-05-18T00:00:00Z,2025-05-19T00:00:00Z,489,7,80,0.54,10000,10000,144,83,NA,67,3.0021844795867465,diff_2,1.576686813020377,2
34,2,3,2025-05-19T00:00:00Z,C.comatus,wood chips,oatbran 10%,1.5,2025-03-13T00:00:00Z,2025-04-23T00:00:00Z,2025-05-18T00:00:00Z,2025-05-19T00:00:00Z,489,7,80,0.54,10000,10000,144,83,NA,67,3.0021844795867465,diff_3,2.0518527018758337,3
34,2,3,2025-05-19T00:00:00Z,C.comatus,wood chips,oatbran 10%,1.5,2025-03-13T00:00:00Z,2025-04-23T00:00:00Z,2025-05-18T00:00:00Z,2025-05-19T00:00:00Z,489,7,80,0.54,10000,10000,144,83,NA,67,3.0021844795867465,diff_4,2.5270185907312905,4
34,2,3,2025-05-19T00:00:00Z,C.comatus,wood chips,oatbran 10%,1.5,2025-03-13T00:00:00Z,2025-04-23T00:00:00Z,2025-05-18T00:00:00Z,2025-05-19T00:00:00Z,489,7,80,0.54,10000,10000,144,83,NA,67,3.0021844795867465,diff_5,3.002184479586745,5
34,2,3,2025-05-19T00:00:00Z,C.comatus,wood chips,oatbran 10%,1.5,2025-03-13T00:00:00Z,2025-04-23T00:00:00Z,2025-05-18T00:00:00Z,2025-05-19T00:00:00Z,489,7,80,0.54,10000,10000,144,83,NA,67,3.0021844795867465,diff_6,3.4773503684422007,6
34,2,3,2025-05-19T00:00:00Z,C.comatus,wood chips,oatbran 10%,1.5,2025-03-13T00:00:00Z,2025-04-23T00:00:00Z,2025-05-18T00:00:00Z,2025-05-19T00:00:00Z,489,7,80,0.54,10000,10000,144,83,NA,67,3.0021844795867465,diff_7,3.952516257297658,7
34,2,3,2025-05-19T00:00:00Z,C.comatus,wood chips,oatbran 10%,1.5,2025-03-13T00:00:00Z,2025-04-23T00:00:00Z,2025-05-18T00:00:00Z,2025-05-19T00:00:00Z,489,7,80,0.54,10000,10000,144,83,NA,67,3.0021844795867465,diff_8,4.427682146153121,8
34,2,3,2025-05-19T00:00:00Z,C.comatus,wood chips,oatbran 10%,1.5,2025-03-13T00:00:00Z,2025-04-23T00:00:00Z,2025-05-18T00:00:00Z,2025-05-19T00:00:00Z,489,7,80,0.54,10000,10000,144,83,NA,67,3.0021844795867465,diff_9,4.902848035008571,9
35,2,3,2025-05-19T00:00:00Z,C.comatus,wood chips,oatbran 10%,1.5,2025-03-13T00:00:00Z,2025-04-23T00:00:00Z,2025-05-18T00:00:00Z,2025-05-19T00:00:00Z,489,7,80,0.54,10000,10000,144,83,NA,67,1.7592918860102837,diff_1,0.7539822368615501,1
35,2,3,2025-05-19T00:00:00Z,C.comatus,wood chips,oatbran 10%,1.5,2025-03-13T00:00:00Z,2025-04-23T00:00:00Z,2025-05-18T00:00:00Z,2025-05-19T00:00:00Z,489,7,80,0.54,10000,10000,144,83,NA,67,1.7592918860102837,diff_2,1.0053096491487343,2
35,2,3,2025-05-19T00:00:00Z,C.comatus,wood chips,oatbran 10%,1.5,2025-03-13T00:00:00Z,2025-04-23T00:00:00Z,2025-05-18T00:00:00Z,2025-05-19T00:00:00Z,489,7,80,0.54,10000,10000,144,83,NA,67,1.7592918860102837,diff_3,1.2566370614359177,3
35,2,3,2025-05-19T00:00:00Z,C.comatus,wood chips,oatbran 10%,1.5,2025-03-13T00:00:00Z,2025-04-23T00:00:00Z,2025-05-18T00:00:00Z,2025-05-19T00:00:00Z,489,7,80,0.54,10000,10000,144,83,NA,67,1.7592918860102837,diff_4,1.5079644737231002,4
35,2,3,2025-05-19T00:00:00Z,C.comatus,wood chips,oatbran 10%,1.5,2025-03-13T00:00:00Z,2025-04-23T00:00:00Z,2025-05-18T00:00:00Z,2025-05-19T00:00:00Z,489,7,80,0.54,10000,10000,144,83,NA,67,1.7592918860102837,diff_5,1.759291886010284,5
35,2,3,2025-05-19T00:00:00Z,C.comatus,wood chips,oatbran 10%,1.5,2025-03-13T00:00:00Z,2025-04-23T00:00:00Z,2025-05-18T00:00:00Z,2025-05-19T00:00:00Z,489,7,80,0.54,10000,10000,144,83,NA,67,1.7592918860102837,diff_6,2.010619298297466,6
35,2,3,2025-05-19T00:00:00Z,C.comatus,wood chips,oatbran 10%,1.5,2025-03-13T00:00:00Z,2025-04-23T00:00:00Z,2025-05-18T00:00:00Z,2025-05-19T00:00:00Z,489,7,80,0.54,10000,10000,144,83,NA,67,1.7592918860102837,diff_7,2.2619467105846525,7
35,2,3,2025-05-19T00:00:00Z,C.comatus,wood chips,oatbran 10%,1.5,2025-03-13T00:00:00Z,2025-04-23T00:00:00Z,2025-05-18T00:00:00Z,2025-05-19T00:00:00Z,489,7,80,0.54,10000,10000,144,83,NA,67,1.7592918860102837,diff_8,2.5132741228718345,8
35,2,3,2025-05-19T00:00:00Z,C.comatus,wood chips,oatbran 10%,1.5,2025-03-13T00:00:00Z,2025-04-23T00:00:00Z,2025-05-18T00:00:00Z,2025-05-19T00:00:00Z,489,7,80,0.54,10000,10000,144,83,NA,67,1.7592918860102837,diff_9,2.7646015351590147,9
36,2,3,2025-05-19T00:00:00Z,C.comatus,wood chips,oatbran 10%,1.5,2025-03-13T00:00:00Z,2025-04-23T00:00:00Z,2025-05-18T00:00:00Z,2025-05-19T00:00:00Z,489,7,80,0.54,10000,10000,144,83,NA,67,4.821472058634336,diff_1,2.04988920646734,1
36,2,3,2025-05-19T00:00:00Z,C.comatus,wood chips,oatbran 10%,1.5,2025-03-13T00:00:00Z,2025-04-23T00:00:00Z,2025-05-18T00:00:00Z,2025-05-19T00:00:00Z,489,7,80,0.54,10000,10000,144,83,NA,67,4.821472058634336,diff_2,3.322234231171205,2
36,2,3,2025-05-19T00:00:00Z,C.comatus,wood chips,oatbran 10%,1.5,2025-03-13T00:00:00Z,2025-04-23T00:00:00Z,2025-05-18T00:00:00Z,2025-05-19T00:00:00Z,489,7,80,0.54,10000,10000,144,83,NA,67,4.821472058634336,diff_3,4.594579255875075,3
36,2,3,2025-05-19T00:00:00Z,C.comatus,wood chips,oatbran 10%,1.5,2025-03-13T00:00:00Z,2025-04-23T00:00:00Z,2025-05-18T00:00:00Z,2025-05-19T00:00:00Z,489,7,80,0.54,10000,10000,144,83,NA,67,4.821472058634336,diff_4,5.8669242805789334,4
36,2,3,2025-05-19T00:00:00Z,C.comatus,wood chips,oatbran 10%,1.5,2025-03-13T00:00:00Z,2025-04-23T00:00:00Z,2025-05-18T00:00:00Z,2025-05-19T00:00:00Z,489,7,80,0.54,10000,10000,144,83,NA,67,4.821472058634336,diff_5,7.139269305282809,5
36,2,3,2025-05-19T00:00:00Z,C.comatus,wood chips,oatbran 10%,1.5,2025-03-13T00:00:00Z,2025-04-23T00:00:00Z,2025-05-18T00:00:00Z,2025-05-19T00:00:00Z,489,7,80,0.54,10000,10000,144,83,NA,67,4.821472058634336,diff_6,8.411614329986673,6
36,2,3,2025-05-19T00:00:00Z,C.comatus,wood chips,oatbran 10%,1.5,2025-03-13T00:00:00Z,2025-04-23T00:00:00Z,2025-05-18T00:00:00Z,2025-05-19T00:00:00Z,489,7,80,0.54,10000,10000,144,83,NA,67,4.821472058634336,diff_7,9.683959354690536,7
36,2,3,2025-05-19T00:00:00Z,C.comatus,wood chips,oatbran 10%,1.5,2025-03-13T00:00:00Z,2025-04-23T00:00:00Z,2025-05-18T00:00:00Z,2025-05-19T00:00:00Z,489,7,80,0.54,10000,10000,144,83,NA,67,4.821472058634336,diff_8,2.3247785636564444,8
36,2,3,2025-05-19T00:00:00Z,C.comatus,wood chips,oatbran 10%,1.5,2025-03-13T00:00:00Z,2025-04-23T00:00:00Z,2025-05-18T00:00:00Z,2025-05-19T00:00:00Z,489,7,80,0.54,10000,10000,144,83,NA,67,4.821472058634336,diff_9,0,9
37,3,3,2025-05-19T00:00:00Z,P.ostreatus v. Floridae,corn cobs,oatbran 10%,1.5,2025-03-14T00:00:00Z,2025-04-23T00:00:00Z,2025-05-18T00:00:00Z,2025-05-19T00:00:00Z,489,7,80,0.54,10000,10000,144,83,NA,66,-3.8999382135813296,diff_1,-43.39324852770902,1
37,3,3,2025-05-19T00:00:00Z,P.ostreatus v. Floridae,corn cobs,oatbran 10%,1.5,2025-03-14T00:00:00Z,2025-04-23T00:00:00Z,2025-05-18T00:00:00Z,2025-05-19T00:00:00Z,489,7,80,0.54,10000,10000,144,83,NA,66,-3.8999382135813296,diff_2,0.5419247327442394,2
37,3,3,2025-05-19T00:00:00Z,P.ostreatus v. Floridae,corn cobs,oatbran 10%,1.5,2025-03-14T00:00:00Z,2025-04-23T00:00:00Z,2025-05-18T00:00:00Z,2025-05-19T00:00:00Z,489,7,80,0.54,10000,10000,144,83,NA,66,-3.8999382135813296,diff_3,0.6832964021557801,3
37,3,3,2025-05-19T00:00:00Z,P.ostreatus v. Floridae,corn cobs,oatbran 10%,1.5,2025-03-14T00:00:00Z,2025-04-23T00:00:00Z,2025-05-18T00:00:00Z,2025-05-19T00:00:00Z,489,7,80,0.54,10000,10000,144,83,NA,66,-3.8999382135813296,diff_4,0.8246680715673205,4
37,3,3,2025-05-19T00:00:00Z,P.ostreatus v. Floridae,corn cobs,oatbran 10%,1.5,2025-03-14T00:00:00Z,2025-04-23T00:00:00Z,2025-05-18T00:00:00Z,2025-05-19T00:00:00Z,489,7,80,0.54,10000,10000,144,83,NA,66,-3.8999382135813296,diff_5,0.9660397409788621,5
37,3,3,2025-05-19T00:00:00Z,P.ostreatus v. Floridae,corn cobs,oatbran 10%,1.5,2025-03-14T00:00:00Z,2025-04-23T00:00:00Z,2025-05-18T00:00:00Z,2025-05-19T00:00:00Z,489,7,80,0.54,10000,10000,144,83,NA,66,-3.8999382135813296,diff_6,1.1074114103904016,6
37,3,3,2025-05-19T00:00:00Z,P.ostreatus v. Floridae,corn cobs,oatbran 10%,1.5,2025-03-14T00:00:00Z,2025-04-23T00:00:00Z,2025-05-18T00:00:00Z,2025-05-19T00:00:00Z,489,7,80,0.54,10000,10000,144,83,NA,66,-3.8999382135813296,diff_7,1.2487830798019415,7
37,3,3,2025-05-19T00:00:00Z,P.ostreatus v. Floridae,corn cobs,oatbran 10%,1.5,2025-03-14T00:00:00Z,2025-04-23T00:00:00Z,2025-05-18T00:00:00Z,2025-05-19T00:00:00Z,489,7,80,0.54,10000,10000,144,83,NA,66,-3.8999382135813296,diff_8,1.3901547492134858,8
37,3,3,2025-05-19T00:00:00Z,P.ostreatus v. Floridae,corn cobs,oatbran 10%,1.5,2025-03-14T00:00:00Z,2025-04-23T00:00:00Z,2025-05-18T00:00:00Z,2025-05-19T00:00:00Z,489,7,80,0.54,10000,10000,144,83,NA,66,-3.8999382135813296,diff_9,1.5315264186250213,9
38,3,3,2025-05-19T00:00:00Z,P.ostreatus v. Floridae,corn cobs,oatbran 10%,1.5,2025-03-14T00:00:00Z,2025-04-23T00:00:00Z,2025-05-18T00:00:00Z,2025-05-19T00:00:00Z,489,7,80,0.54,10000,10000,144,83,NA,66,2.60664923785353,diff_1,-9.966702693513621,1
38,3,3,2025-05-19T00:00:00Z,P.ostreatus v. Floridae,corn cobs,oatbran 10%,1.5,2025-03-14T00:00:00Z,2025-04-23T00:00:00Z,2025-05-18T00:00:00Z,2025-05-19T00:00:00Z,489,7,80,0.54,10000,10000,144,83,NA,66,2.60664923785353,diff_2,1.4844025288211768,2
38,3,3,2025-05-19T00:00:00Z,P.ostreatus v. Floridae,corn cobs,oatbran 10%,1.5,2025-03-14T00:00:00Z,2025-04-23T00:00:00Z,2025-05-18T00:00:00Z,2025-05-19T00:00:00Z,489,7,80,0.54,10000,10000,144,83,NA,66,2.60664923785353,diff_3,2.254092728950677,3
38,3,3,2025-05-19T00:00:00Z,P.ostreatus v. Floridae,corn cobs,oatbran 10%,1.5,2025-03-14T00:00:00Z,2025-04-23T00:00:00Z,2025-05-18T00:00:00Z,2025-05-19T00:00:00Z,489,7,80,0.54,10000,10000,144,83,NA,66,2.60664923785353,diff_4,3.023782929080177,4
38,3,3,2025-05-19T00:00:00Z,P.ostreatus v. Floridae,corn cobs,oatbran 10%,1.5,2025-03-14T00:00:00Z,2025-04-23T00:00:00Z,2025-05-18T00:00:00Z,2025-05-19T00:00:00Z,489,7,80,0.54,10000,10000,144,83,NA,66,2.60664923785353,diff_5,3.7934731292096737,5
38,3,3,2025-05-19T00:00:00Z,P.ostreatus v. Floridae,corn cobs,oatbran 10%,1.5,2025-03-14T00:00:00Z,2025-04-23T00:00:00Z,2025-05-18T00:00:00Z,2025-05-19T00:00:00Z,489,7,80,0.54,10000,10000,144,83,NA,66,2.60664923785353,diff_6,4.563163329339174,6
38,3,3,2025-05-19T00:00:00Z,P.ostreatus v. Floridae,corn cobs,oatbran 10%,1.5,2025-03-14T00:00:00Z,2025-04-23T00:00:00Z,2025-05-18T00:00:00Z,2025-05-19T00:00:00Z,489,7,80,0.54,10000,10000,144,83,NA,66,2.60664923785353,diff_7,5.332853529468675,7
38,3,3,2025-05-19T00:00:00Z,P.ostreatus v. Floridae,corn cobs,oatbran 10%,1.5,2025-03-14T00:00:00Z,2025-04-23T00:00:00Z,2025-05-18T00:00:00Z,2025-05-19T00:00:00Z,489,7,80,0.54,10000,10000,144,83,NA,66,2.60664923785353,diff_8,6.102543729598175,8
38,3,3,2025-05-19T00:00:00Z,P.ostreatus v. Floridae,corn cobs,oatbran 10%,1.5,2025-03-14T00:00:00Z,2025-04-23T00:00:00Z,2025-05-18T00:00:00Z,2025-05-19T00:00:00Z,489,7,80,0.54,10000,10000,144,83,NA,66,2.60664923785353,diff_9,6.872233929727663,9
39,3,3,2025-05-19T00:00:00Z,P.ostreatus v. Floridae,corn cobs,oatbran 10%,1.5,2025-03-14T00:00:00Z,2025-04-23T00:00:00Z,2025-05-18T00:00:00Z,2025-05-19T00:00:00Z,489,7,80,0.54,10000,10000,144,83,NA,66,-3.865031628541443,diff_1,-41.068469964052575,1
39,3,3,2025-05-19T00:00:00Z,P.ostreatus v. Floridae,corn cobs,oatbran 10%,1.5,2025-03-14T00:00:00Z,2025-04-23T00:00:00Z,2025-05-18T00:00:00Z,2025-05-19T00:00:00Z,489,7,80,0.54,10000,10000,144,83,NA,66,-3.865031628541443,diff_2,0.4417864669110647,2
39,3,3,2025-05-19T00:00:00Z,P.ostreatus v. Floridae,corn cobs,oatbran 10%,1.5,2025-03-14T00:00:00Z,2025-04-23T00:00:00Z,2025-05-18T00:00:00Z,2025-05-19T00:00:00Z,489,7,80,0.54,10000,10000,144,83,NA,66,-3.865031628541443,diff_3,0.5399612373357456,3
39,3,3,2025-05-19T00:00:00Z,P.ostreatus v. Floridae,corn cobs,oatbran 10%,1.5,2025-03-14T00:00:00Z,2025-04-23T00:00:00Z,2025-05-18T00:00:00Z,2025-05-19T00:00:00Z,489,7,80,0.54,10000,10000,144,83,NA,66,-3.865031628541443,diff_4,0.6381360077604266,4
39,3,3,2025-05-19T00:00:00Z,P.ostreatus v. Floridae,corn cobs,oatbran 10%,1.5,2025-03-14T00:00:00Z,2025-04-23T00:00:00Z,2025-05-18T00:00:00Z,2025-05-19T00:00:00Z,489,7,80,0.54,10000,10000,144,83,NA,66,-3.865031628541443,diff_5,0.7363107781851079,5
39,3,3,2025-05-19T00:00:00Z,P.ostreatus v. Floridae,corn cobs,oatbran 10%,1.5,2025-03-14T00:00:00Z,2025-04-23T00:00:00Z,2025-05-18T00:00:00Z,2025-05-19T00:00:00Z,489,7,80,0.54,10000,10000,144,83,NA,66,-3.865031628541443,diff_6,0.8344855486097886,6
39,3,3,2025-05-19T00:00:00Z,P.ostreatus v. Floridae,corn cobs,oatbran 10%,1.5,2025-03-14T00:00:00Z,2025-04-23T00:00:00Z,2025-05-18T00:00:00Z,2025-05-19T00:00:00Z,489,7,80,0.54,10000,10000,144,83,NA,66,-3.865031628541443,diff_7,0.9326603190344702,7
39,3,3,2025-05-19T00:00:00Z,P.ostreatus v. Floridae,corn cobs,oatbran 10%,1.5,2025-03-14T00:00:00Z,2025-04-23T00:00:00Z,2025-05-18T00:00:00Z,2025-05-19T00:00:00Z,489,7,80,0.54,10000,10000,144,83,NA,66,-3.865031628541443,diff_8,1.030835089459151,8
39,3,3,2025-05-19T00:00:00Z,P.ostreatus v. Floridae,corn cobs,oatbran 10%,1.5,2025-03-14T00:00:00Z,2025-04-23T00:00:00Z,2025-05-18T00:00:00Z,2025-05-19T00:00:00Z,489,7,80,0.54,10000,10000,144,83,NA,66,-3.865031628541443,diff_9,1.1290098598838316,9
40,4,3,2025-05-19T00:00:00Z,faecal isolate 1,wood chips,oatbran 2%,1.5,2025-03-14T00:00:00Z,2025-03-31T00:00:00Z,2025-05-18T00:00:00Z,2025-05-19T00:00:00Z,489,7,80,0.54,10000,10000,144,83,NA,66,-0.4993823322268775,diff_1,-7.5103699374880994,1
40,4,3,2025-05-19T00:00:00Z,faecal isolate 1,wood chips,oatbran 2%,1.5,2025-03-14T00:00:00Z,2025-03-31T00:00:00Z,2025-05-18T00:00:00Z,2025-05-19T00:00:00Z,489,7,80,0.54,10000,10000,144,83,NA,66,-0.4993823322268775,diff_2,0.25329090769567686,2
40,4,3,2025-05-19T00:00:00Z,faecal isolate 1,wood chips,oatbran 2%,1.5,2025-03-14T00:00:00Z,2025-03-31T00:00:00Z,2025-05-18T00:00:00Z,2025-05-19T00:00:00Z,489,7,80,0.54,10000,10000,144,83,NA,66,-0.4993823322268775,diff_3,0.2886338250485625,3
40,4,3,2025-05-19T00:00:00Z,faecal isolate 1,wood chips,oatbran 2%,1.5,2025-03-14T00:00:00Z,2025-03-31T00:00:00Z,2025-05-18T00:00:00Z,2025-05-19T00:00:00Z,489,7,80,0.54,10000,10000,144,83,NA,66,-0.4993823322268775,diff_4,0.32397674240144747,4
40,4,3,2025-05-19T00:00:00Z,faecal isolate 1,wood chips,oatbran 2%,1.5,2025-03-14T00:00:00Z,2025-03-31T00:00:00Z,2025-05-18T00:00:00Z,2025-05-19T00:00:00Z,489,7,80,0.54,10000,10000,144,83,NA,66,-0.4993823322268775,diff_5,0.35931965975433267,5
40,4,3,2025-05-19T00:00:00Z,faecal isolate 1,wood chips,oatbran 2%,1.5,2025-03-14T00:00:00Z,2025-03-31T00:00:00Z,2025-05-18T00:00:00Z,2025-05-19T00:00:00Z,489,7,80,0.54,10000,10000,144,83,NA,66,-0.4993823322268775,diff_6,0.3946625771072174,6
40,4,3,2025-05-19T00:00:00Z,faecal isolate 1,wood chips,oatbran 2%,1.5,2025-03-14T00:00:00Z,2025-03-31T00:00:00Z,2025-05-18T00:00:00Z,2025-05-19T00:00:00Z,489,7,80,0.54,10000,10000,144,83,NA,66,-0.4993823322268775,diff_7,0.43000549446010305,7
40,4,3,2025-05-19T00:00:00Z,faecal isolate 1,wood chips,oatbran 2%,1.5,2025-03-14T00:00:00Z,2025-03-31T00:00:00Z,2025-05-18T00:00:00Z,2025-05-19T00:00:00Z,489,7,80,0.54,10000,10000,144,83,NA,66,-0.4993823322268775,diff_8,0.4653484118129878,8
40,4,3,2025-05-19T00:00:00Z,faecal isolate 1,wood chips,oatbran 2%,1.5,2025-03-14T00:00:00Z,2025-03-31T00:00:00Z,2025-05-18T00:00:00Z,2025-05-19T00:00:00Z,489,7,80,0.54,10000,10000,144,83,NA,66,-0.4993823322268775,diff_9,0.5006913291658743,9
41,4,3,2025-05-19T00:00:00Z,faecal isolate 1,wood chips,oatbran 2%,1.5,2025-03-14T00:00:00Z,2025-03-31T00:00:00Z,2025-05-18T00:00:00Z,2025-05-19T00:00:00Z,489,7,80,0.54,10000,10000,144,83,NA,66,2.453714762147528,diff_1,-3.5519631939649603,1
41,4,3,2025-05-19T00:00:00Z,faecal isolate 1,wood chips,oatbran 2%,1.5,2025-03-14T00:00:00Z,2025-03-31T00:00:00Z,2025-05-18T00:00:00Z,2025-05-19T00:00:00Z,489,7,80,0.54,10000,10000,144,83,NA,66,2.453714762147528,diff_2,1.2252211349000195,2
41,4,3,2025-05-19T00:00:00Z,faecal isolate 1,wood chips,oatbran 2%,1.5,2025-03-14T00:00:00Z,2025-03-31T00:00:00Z,2025-05-18T00:00:00Z,2025-05-19T00:00:00Z,489,7,80,0.54,10000,10000,144,83,NA,66,2.453714762147528,diff_3,1.7907078125461826,3
41,4,3,2025-05-19T00:00:00Z,faecal isolate 1,wood chips,oatbran 2%,1.5,2025-03-14T00:00:00Z,2025-03-31T00:00:00Z,2025-05-18T00:00:00Z,2025-05-19T00:00:00Z,489,7,80,0.54,10000,10000,144,83,NA,66,2.453714762147528,diff_4,2.356194490192343,4
41,4,3,2025-05-19T00:00:00Z,faecal isolate 1,wood chips,oatbran 2%,1.5,2025-03-14T00:00:00Z,2025-03-31T00:00:00Z,2025-05-18T00:00:00Z,2025-05-19T00:00:00Z,489,7,80,0.54,10000,10000,144,83,NA,66,2.453714762147528,diff_5,2.921681167838507,5
41,4,3,2025-05-19T00:00:00Z,faecal isolate 1,wood chips,oatbran 2%,1.5,2025-03-14T00:00:00Z,2025-03-31T00:00:00Z,2025-05-18T00:00:00Z,2025-05-19T00:00:00Z,489,7,80,0.54,10000,10000,144,83,NA,66,2.453714762147528,diff_6,3.487167845484672,6
41,4,3,2025-05-19T00:00:00Z,faecal isolate 1,wood chips,oatbran 2%,1.5,2025-03-14T00:00:00Z,2025-03-31T00:00:00Z,2025-05-18T00:00:00Z,2025-05-19T00:00:00Z,489,7,80,0.54,10000,10000,144,83,NA,66,2.453714762147528,diff_7,4.05265452313083,7
41,4,3,2025-05-19T00:00:00Z,faecal isolate 1,wood chips,oatbran 2%,1.5,2025-03-14T00:00:00Z,2025-03-31T00:00:00Z,2025-05-18T00:00:00Z,2025-05-19T00:00:00Z,489,7,80,0.54,10000,10000,144,83,NA,66,2.453714762147528,diff_8,4.618141200777,8
41,4,3,2025-05-19T00:00:00Z,faecal isolate 1,wood chips,oatbran 2%,1.5,2025-03-14T00:00:00Z,2025-03-31T00:00:00Z,2025-05-18T00:00:00Z,2025-05-19T00:00:00Z,489,7,80,0.54,10000,10000,144,83,NA,66,2.453714762147528,diff_9,5.1836278784231595,9
42,4,3,2025-05-19T00:00:00Z,faecal isolate 1,wood chips,oatbran 2%,1.5,2025-03-14T00:00:00Z,2025-03-31T00:00:00Z,2025-05-18T00:00:00Z,2025-05-19T00:00:00Z,489,7,80,0.54,10000,10000,144,83,NA,66,-2.9845130209103035,diff_1,-31.384510609362035,1
42,4,3,2025-05-19T00:00:00Z,faecal isolate 1,wood chips,oatbran 2%,1.5,2025-03-14T00:00:00Z,2025-03-31T00:00:00Z,2025-05-18T00:00:00Z,2025-05-19T00:00:00Z,489,7,80,0.54,10000,10000,144,83,NA,66,-2.9845130209103035,diff_2,0.3455751918948773,2
42,4,3,2025-05-19T00:00:00Z,faecal isolate 1,wood chips,oatbran 2%,1.5,2025-03-14T00:00:00Z,2025-03-31T00:00:00Z,2025-05-18T00:00:00Z,2025-05-19T00:00:00Z,489,7,80,0.54,10000,10000,144,83,NA,66,-2.9845130209103035,diff_3,0.4084070449666728,3
42,4,3,2025-05-19T00:00:00Z,faecal isolate 1,wood chips,oatbran 2%,1.5,2025-03-14T00:00:00Z,2025-03-31T00:00:00Z,2025-05-18T00:00:00Z,2025-05-19T00:00:00Z,489,7,80,0.54,10000,10000,144,83,NA,66,-2.9845130209103035,diff_4,0.4712388980384694,4
42,4,3,2025-05-19T00:00:00Z,faecal isolate 1,wood chips,oatbran 2%,1.5,2025-03-14T00:00:00Z,2025-03-31T00:00:00Z,2025-05-18T00:00:00Z,2025-05-19T00:00:00Z,489,7,80,0.54,10000,10000,144,83,NA,66,-2.9845130209103035,diff_5,0.5340707511102649,5
42,4,3,2025-05-19T00:00:00Z,faecal isolate 1,wood chips,oatbran 2%,1.5,2025-03-14T00:00:00Z,2025-03-31T00:00:00Z,2025-05-18T00:00:00Z,2025-05-19T00:00:00Z,489,7,80,0.54,10000,10000,144,83,NA,66,-2.9845130209103035,diff_6,0.5969026041820604,6
42,4,3,2025-05-19T00:00:00Z,faecal isolate 1,wood chips,oatbran 2%,1.5,2025-03-14T00:00:00Z,2025-03-31T00:00:00Z,2025-05-18T00:00:00Z,2025-05-19T00:00:00Z,489,7,80,0.54,10000,10000,144,83,NA,66,-2.9845130209103035,diff_7,0.6597344572538573,7
42,4,3,2025-05-19T00:00:00Z,faecal isolate 1,wood chips,oatbran 2%,1.5,2025-03-14T00:00:00Z,2025-03-31T00:00:00Z,2025-05-18T00:00:00Z,2025-05-19T00:00:00Z,489,7,80,0.54,10000,10000,144,83,NA,66,-2.9845130209103035,diff_8,0.7225663103256519,8
42,4,3,2025-05-19T00:00:00Z,faecal isolate 1,wood chips,oatbran 2%,1.5,2025-03-14T00:00:00Z,2025-03-31T00:00:00Z,2025-05-18T00:00:00Z,2025-05-19T00:00:00Z,489,7,80,0.54,10000,10000,144,83,NA,66,-2.9845130209103035,diff_9,0.7853981633974483,9
43,5,3,2025-05-19T00:00:00Z,P.ostreatus v. Floridae,wood chips,oatbran 10%,1.5,2025-03-14T00:00:00Z,2025-04-17T00:00:00Z,2025-05-18T00:00:00Z,2025-05-19T00:00:00Z,489,7,80,0.54,10000,10000,144,83,NA,66,4.094542425178698,diff_1,-5.372123437638545,1
43,5,3,2025-05-19T00:00:00Z,P.ostreatus v. Floridae,wood chips,oatbran 10%,1.5,2025-03-14T00:00:00Z,2025-04-17T00:00:00Z,2025-05-18T00:00:00Z,2025-05-19T00:00:00Z,489,7,80,0.54,10000,10000,144,83,NA,66,4.094542425178698,diff_2,1.7592918860102844,2
43,5,3,2025-05-19T00:00:00Z,P.ostreatus v. Floridae,wood chips,oatbran 10%,1.5,2025-03-14T00:00:00Z,2025-04-17T00:00:00Z,2025-05-18T00:00:00Z,2025-05-19T00:00:00Z,489,7,80,0.54,10000,10000,144,83,NA,66,4.094542425178698,diff_3,2.764601535159018,3
43,5,3,2025-05-19T00:00:00Z,P.ostreatus v. Floridae,wood chips,oatbran 10%,1.5,2025-03-14T00:00:00Z,2025-04-17T00:00:00Z,2025-05-18T00:00:00Z,2025-05-19T00:00:00Z,489,7,80,0.54,10000,10000,144,83,NA,66,4.094542425178698,diff_4,3.76991118430775,4
43,5,3,2025-05-19T00:00:00Z,P.ostreatus v. Floridae,wood chips,oatbran 10%,1.5,2025-03-14T00:00:00Z,2025-04-17T00:00:00Z,2025-05-18T00:00:00Z,2025-05-19T00:00:00Z,489,7,80,0.54,10000,10000,144,83,NA,66,4.094542425178698,diff_5,4.775220833456487,5
43,5,3,2025-05-19T00:00:00Z,P.ostreatus v. Floridae,wood chips,oatbran 10%,1.5,2025-03-14T00:00:00Z,2025-04-17T00:00:00Z,2025-05-18T00:00:00Z,2025-05-19T00:00:00Z,489,7,80,0.54,10000,10000,144,83,NA,66,4.094542425178698,diff_6,5.78053048260522,6
43,5,3,2025-05-19T00:00:00Z,P.ostreatus v. Floridae,wood chips,oatbran 10%,1.5,2025-03-14T00:00:00Z,2025-04-17T00:00:00Z,2025-05-18T00:00:00Z,2025-05-19T00:00:00Z,489,7,80,0.54,10000,10000,144,83,NA,66,4.094542425178698,diff_7,6.785840131753954,7
43,5,3,2025-05-19T00:00:00Z,P.ostreatus v. Floridae,wood chips,oatbran 10%,1.5,2025-03-14T00:00:00Z,2025-04-17T00:00:00Z,2025-05-18T00:00:00Z,2025-05-19T00:00:00Z,489,7,80,0.54,10000,10000,144,83,NA,66,4.094542425178698,diff_8,7.791149780902678,8
43,5,3,2025-05-19T00:00:00Z,P.ostreatus v. Floridae,wood chips,oatbran 10%,1.5,2025-03-14T00:00:00Z,2025-04-17T00:00:00Z,2025-05-18T00:00:00Z,2025-05-19T00:00:00Z,489,7,80,0.54,10000,10000,144,83,NA,66,4.094542425178698,diff_9,8.796459430051435,9
44,5,3,2025-05-19T00:00:00Z,P.ostreatus v. Floridae,wood chips,oatbran 10%,1.5,2025-03-14T00:00:00Z,2025-04-17T00:00:00Z,2025-05-18T00:00:00Z,2025-05-19T00:00:00Z,489,7,80,0.54,10000,10000,144,83,NA,66,-4.62599518241097,diff_1,-43.39324852770902,1
44,5,3,2025-05-19T00:00:00Z,P.ostreatus v. Floridae,wood chips,oatbran 10%,1.5,2025-03-14T00:00:00Z,2025-04-17T00:00:00Z,2025-05-18T00:00:00Z,2025-05-19T00:00:00Z,489,7,80,0.54,10000,10000,144,83,NA,66,-4.62599518241097,diff_2,0.16493361431346432,2
44,5,3,2025-05-19T00:00:00Z,P.ostreatus v. Floridae,wood chips,oatbran 10%,1.5,2025-03-14T00:00:00Z,2025-04-17T00:00:00Z,2025-05-18T00:00:00Z,2025-05-19T00:00:00Z,489,7,80,0.54,10000,10000,144,83,NA,66,-4.62599518241097,diff_3,0.18064157758141297,3
44,5,3,2025-05-19T00:00:00Z,P.ostreatus v. Floridae,wood chips,oatbran 10%,1.5,2025-03-14T00:00:00Z,2025-04-17T00:00:00Z,2025-05-18T00:00:00Z,2025-05-19T00:00:00Z,489,7,80,0.54,10000,10000,144,83,NA,66,-4.62599518241097,diff_4,0.19634954084936207,4
44,5,3,2025-05-19T00:00:00Z,P.ostreatus v. Floridae,wood chips,oatbran 10%,1.5,2025-03-14T00:00:00Z,2025-04-17T00:00:00Z,2025-05-18T00:00:00Z,2025-05-19T00:00:00Z,489,7,80,0.54,10000,10000,144,83,NA,66,-4.62599518241097,diff_5,0.21205750411731072,5
44,5,3,2025-05-19T00:00:00Z,P.ostreatus v. Floridae,wood chips,oatbran 10%,1.5,2025-03-14T00:00:00Z,2025-04-17T00:00:00Z,2025-05-18T00:00:00Z,2025-05-19T00:00:00Z,489,7,80,0.54,10000,10000,144,83,NA,66,-4.62599518241097,diff_6,0.22776546738526027,6
44,5,3,2025-05-19T00:00:00Z,P.ostreatus v. Floridae,wood chips,oatbran 10%,1.5,2025-03-14T00:00:00Z,2025-04-17T00:00:00Z,2025-05-18T00:00:00Z,2025-05-19T00:00:00Z,489,7,80,0.54,10000,10000,144,83,NA,66,-4.62599518241097,diff_7,0.24347343065320914,7
44,5,3,2025-05-19T00:00:00Z,P.ostreatus v. Floridae,wood chips,oatbran 10%,1.5,2025-03-14T00:00:00Z,2025-04-17T00:00:00Z,2025-05-18T00:00:00Z,2025-05-19T00:00:00Z,489,7,80,0.54,10000,10000,144,83,NA,66,-4.62599518241097,diff_8,0.25918139392115735,8
44,5,3,2025-05-19T00:00:00Z,P.ostreatus v. Floridae,wood chips,oatbran 10%,1.5,2025-03-14T00:00:00Z,2025-04-17T00:00:00Z,2025-05-18T00:00:00Z,2025-05-19T00:00:00Z,489,7,80,0.54,10000,10000,144,83,NA,66,-4.62599518241097,diff_9,0.27488935718910756,9
45,5,3,2025-05-19T00:00:00Z,P.ostreatus v. Floridae,wood chips,oatbran 10%,1.5,2025-03-14T00:00:00Z,2025-04-17T00:00:00Z,2025-05-18T00:00:00Z,2025-05-19T00:00:00Z,489,7,80,0.54,10000,10000,144,83,NA,66,3.2672563597333855,diff_1,1.1015209241649215,1
45,5,3,2025-05-19T00:00:00Z,P.ostreatus v. Floridae,wood chips,oatbran 10%,1.5,2025-03-14T00:00:00Z,2025-04-17T00:00:00Z,2025-05-18T00:00:00Z,2025-05-19T00:00:00Z,489,7,80,0.54,10000,10000,144,83,NA,66,3.2672563597333855,diff_2,1.576686813020377,2
45,5,3,2025-05-19T00:00:00Z,P.ostreatus v. Floridae,wood chips,oatbran 10%,1.5,2025-03-14T00:00:00Z,2025-04-17T00:00:00Z,2025-05-18T00:00:00Z,2025-05-19T00:00:00Z,489,7,80,0.54,10000,10000,144,83,NA,66,3.2672563597333855,diff_3,2.0518527018758337,3
45,5,3,2025-05-19T00:00:00Z,P.ostreatus v. Floridae,wood chips,oatbran 10%,1.5,2025-03-14T00:00:00Z,2025-04-17T00:00:00Z,2025-05-18T00:00:00Z,2025-05-19T00:00:00Z,489,7,80,0.54,10000,10000,144,83,NA,66,3.2672563597333855,diff_4,2.5270185907312905,4
45,5,3,2025-05-19T00:00:00Z,P.ostreatus v. Floridae,wood chips,oatbran 10%,1.5,2025-03-14T00:00:00Z,2025-04-17T00:00:00Z,2025-05-18T00:00:00Z,2025-05-19T00:00:00Z,489,7,80,0.54,10000,10000,144,83,NA,66,3.2672563597333855,diff_5,3.002184479586745,5
45,5,3,2025-05-19T00:00:00Z,P.ostreatus v. Floridae,wood chips,oatbran 10%,1.5,2025-03-14T00:00:00Z,2025-04-17T00:00:00Z,2025-05-18T00:00:00Z,2025-05-19T00:00:00Z,489,7,80,0.54,10000,10000,144,83,NA,66,3.2672563597333855,diff_6,3.4773503684422007,6
45,5,3,2025-05-19T00:00:00Z,P.ostreatus v. Floridae,wood chips,oatbran 10%,1.5,2025-03-14T00:00:00Z,2025-04-17T00:00:00Z,2025-05-18T00:00:00Z,2025-05-19T00:00:00Z,489,7,80,0.54,10000,10000,144,83,NA,66,3.2672563597333855,diff_7,5.112942043717391,7
45,5,3,2025-05-19T00:00:00Z,P.ostreatus v. Floridae,wood chips,oatbran 10%,1.5,2025-03-14T00:00:00Z,2025-04-17T00:00:00Z,2025-05-18T00:00:00Z,2025-05-19T00:00:00Z,489,7,80,0.54,10000,10000,144,83,NA,66,3.2672563597333855,diff_8,4.995132319207766,8
45,5,3,2025-05-19T00:00:00Z,P.ostreatus v. Floridae,wood chips,oatbran 10%,1.5,2025-03-14T00:00:00Z,2025-04-17T00:00:00Z,2025-05-18T00:00:00Z,2025-05-19T00:00:00Z,489,7,80,0.54,10000,10000,144,83,NA,66,3.2672563597333855,diff_9,5.560618996853943,9
